,date,tavg,tmin,tmax,prcp,snow,wdir,wspd,wpgt,pres,tsun
0,2018-01-01,22.4,14.9,28.0,,,,,,,
1,2018-01-02,23.8,20.0,29.0,,,,,,,
2,2018-01-03,23.4,,29.8,,,,,,,
3,2018-01-04,25.4,17.6,31.2,,,,,,,
4,2018-01-05,26.3,20.6,32.2,,,,,,,
5,2018-01-06,26.8,20.4,,,,,,,,
6,2018-01-07,25.6,23.2,29.5,1.5,,,,,,
7,2018-01-08,27.9,,33.0,0.0,,,,,,
8,2018-01-09,20.7,,26.0,0.0,,,,,,
9,2018-01-10,18.3,,20.7,,,,,,,
10,2018-01-11,17.6,,23.0,,,,,,,
11,2018-01-12,17.1,,23.4,,,,,,,
12,2018-01-13,19.0,10.9,26.2,,,,,,,
13,2018-01-14,19.9,13.0,27.1,,,,,,,
14,2018-01-15,21.7,13.5,28.9,,,,,,,
15,2018-01-16,22.4,14.8,30.0,,,,,,,
16,2018-01-17,23.6,16.7,30.8,,,,,,,
17,2018-01-18,24.4,16.0,32.6,,,,,,,
18,2018-01-19,23.9,,30.6,,,,,,,
19,2018-01-20,25.4,17.2,32.2,,,,,,,
20,2018-01-21,26.1,19.6,33.0,,,,,,,
21,2018-01-22,25.8,,,,,,,,,
22,2018-01-23,24.9,18.0,32.5,,,,,,,
23,2018-01-24,25.2,17.7,,,,,,,,
24,2018-01-25,26.1,18.5,33.5,,,,,,,
25,2018-01-26,26.7,20.7,32.5,,,,,,,
26,2018-01-27,27.2,19.9,32.7,,,,,,,
27,2018-01-28,27.4,22.3,33.4,,,,,,,
28,2018-01-29,21.9,,26.6,0.5,,,,,,
29,2018-01-30,20.1,,23.0,,,,,,,
30,2018-01-31,18.1,,22.0,,,,,,,
31,2018-02-01,18.6,14.7,23.7,,,,,,,
32,2018-02-02,18.5,14.4,24.0,,,,,,,
33,2018-02-03,17.4,,23.4,,,,,,,
34,2018-02-04,18.3,13.8,24.5,,,,,,,
35,2018-02-05,17.2,,,,,,,,,
36,2018-02-06,17.3,12.2,23.9,,,,,,,
37,2018-02-07,19.3,12.0,25.5,,,,,,,
38,2018-02-08,20.2,14.7,26.7,,,,,,,
39,2018-02-09,22.7,14.0,,,,,,,,
40,2018-02-10,25.1,16.5,32.7,,,,,,,
41,2018-02-11,23.5,,30.5,,,,,,,
42,2018-02-12,21.1,,28.5,,,,,,,
43,2018-02-13,20.6,14.0,28.0,,,,,,,
44,2018-02-14,23.1,13.7,,,,,,,,
45,2018-02-15,25.4,17.3,34.7,,,,,,,
46,2018-02-16,27.4,18.6,36.0,,,,,,,
47,2018-02-17,26.9,21.0,33.6,,,,,,,
48,2018-02-18,26.8,20.6,33.0,,,,,,,
49,2018-02-19,27.7,21.3,34.8,,,,,,,
50,2018-02-20,28.3,22.4,34.7,,,,,,,
51,2018-02-21,26.8,,34.9,9.9,,,,,,
52,2018-02-22,23.5,22.0,26.4,6.4,,,,,,
53,2018-02-23,23.0,,28.5,0.3,,,,,,
54,2018-02-24,25.3,19.1,31.6,,,,,,,
55,2018-02-25,25.6,,33.0,,,,,,,
56,2018-02-26,26.2,19.3,32.2,,,,,,,
57,2018-02-27,26.4,20.5,32.2,,,,,,,
58,2018-02-28,27.9,21.0,,,,,,,,
59,2018-03-01,27.6,21.8,33.0,,,,,,,
60,2018-03-02,29.1,23.9,,9.9,,,,,,
61,2018-03-03,27.8,24.8,34.2,15.0,,,,,,
62,2018-03-04,29.3,,36.7,,,,,,,
63,2018-03-05,30.7,23.5,37.5,,,,,,,
64,2018-03-06,28.4,24.1,34.2,,,,,,,
65,2018-03-07,29.4,23.4,34.7,,,,,,,
66,2018-03-08,25.1,,,,,,,,,
67,2018-03-09,21.1,,,,,,,,,
68,2018-03-10,23.7,14.6,30.6,,,,,,,
69,2018-03-11,24.7,19.7,,,,,,,,
70,2018-03-12,26.1,20.3,,,,,,,,
71,2018-03-13,26.6,20.3,,0.0,,,,,,
72,2018-03-14,24.3,,29.8,4.1,,,,,,
73,2018-03-15,26.7,20.5,31.3,0.0,,,,,,
74,2018-03-16,27.5,,33.1,,,,,,,
75,2018-03-17,29.2,23.2,35.1,,,,,,,
76,2018-03-18,29.2,,35.7,,,,,,,
77,2018-03-19,27.3,21.9,33.5,33.8,,,,,,
78,2018-03-20,25.0,,30.1,6.6,,,,,,
79,2018-03-21,22.9,19.0,27.2,0.0,,,,,,
80,2018-03-22,23.7,18.9,30.7,,,,,,,
81,2018-03-23,24.8,19.1,30.8,,,,,,,
82,2018-03-24,26.1,20.8,31.9,,,,,,,
83,2018-03-25,27.2,20.4,33.0,,,,,,,
84,2018-03-26,26.3,,32.1,,,,,,,
85,2018-03-27,26.7,22.2,31.7,,,,,,,
86,2018-03-28,27.8,21.6,33.5,,,,,,,
87,2018-03-29,27.8,23.3,,,,,,,,
88,2018-03-30,25.3,,32.5,23.1,,,,,,
89,2018-03-31,26.7,21.1,,22.9,,,,,,
90,2018-04-01,27.0,21.2,33.2,0.0,,,,,,
91,2018-04-02,27.6,20.5,,,,,,,,
92,2018-04-03,28.1,21.7,35.2,,,,,,,
93,2018-04-04,29.2,22.3,35.7,,,,,,,
94,2018-04-05,29.8,23.5,35.4,,,,,,,
95,2018-04-06,26.2,,33.5,1.5,,,,,,
96,2018-04-07,19.4,,21.5,0.0,,,,,,
97,2018-04-08,23.5,17.2,30.1,0.0,,,,,,
98,2018-04-09,25.9,18.4,32.4,,,,,,,
99,2018-04-10,27.4,19.9,,,,,,,,
100,2018-04-11,30.4,22.2,,,,,,,,
101,2018-04-12,31.8,24.9,38.9,,,,,,,
102,2018-04-13,32.5,26.8,38.0,,,,,,,
103,2018-04-14,32.7,27.0,,,,,,,,
104,2018-04-15,26.2,23.6,,71.4,,,,,,
105,2018-04-16,28.1,23.4,,29.2,,,,,,
106,2018-04-17,24.1,,27.4,0.0,,,,,,
107,2018-04-18,27.4,19.6,,,,,,,,
108,2018-04-19,28.6,21.5,,0.0,,,,,,
109,2018-04-20,26.8,24.0,34.5,24.1,,,,,,
110,2018-04-21,29.1,23.8,34.0,0.0,,,,,,
111,2018-04-22,29.3,25.0,,0.0,,,,,,
112,2018-04-23,31.7,26.2,36.8,,,,,,,
113,2018-04-24,30.8,,,,,,,,,
114,2018-04-25,27.7,,,0.5,,,,,,
115,2018-04-26,27.7,23.4,,1.3,,,,,,
116,2018-04-27,30.0,24.7,,0.5,,,,,,
117,2018-04-28,27.3,,32.6,3.8,,,,,,
118,2018-04-29,26.0,,31.2,38.9,,,,,,
119,2018-04-30,26.8,23.8,,0.0,,,,,,
120,2018-05-01,28.8,24.6,34.3,0.0,,,,,,
121,2018-05-02,28.1,25.2,,,,,,,,
122,2018-05-03,29.3,24.6,,,,,,,,
123,2018-05-04,28.9,24.4,,,,,,,,
124,2018-05-05,27.3,,33.1,25.9,,,,,,
125,2018-05-06,27.6,24.3,,8.9,,,,,,
126,2018-05-07,30.0,24.8,,,,,,,,
127,2018-05-08,29.2,27.0,34.3,,,,,,,
128,2018-05-09,29.2,,,,,,,,,
129,2018-05-10,28.1,25.3,33.7,0.0,,,,,,
130,2018-05-11,30.0,25.1,,0.0,,,,,,
131,2018-05-12,29.6,25.7,35.5,0.0,,,,,,
132,2018-05-13,30.3,25.6,35.6,0.0,,,,,,
133,2018-05-14,27.8,,34.5,6.1,,,,,,
134,2018-05-15,27.9,24.2,34.7,6.1,,,,,,
135,2018-05-16,27.6,,,21.6,,,,,,
136,2018-05-17,26.7,24.4,33.8,3.6,,,,,,
137,2018-05-18,29.1,23.9,,,,,,,,
138,2018-05-19,30.6,24.5,,,,,,,,
139,2018-05-20,30.1,26.0,36.8,,,,,,,
140,2018-05-21,28.6,,,4.8,,,,,,
141,2018-05-22,28.9,,35.2,60.2,,,,,,
142,2018-05-23,29.3,22.7,34.0,3.3,,,,,,
143,2018-05-24,29.4,25.6,33.9,0.0,,,,,,
144,2018-05-25,28.9,,33.0,0.0,,,,,,
145,2018-05-26,26.6,23.2,32.0,14.0,,,,,,
146,2018-05-27,28.3,24.7,32.2,0.0,,,,,,
147,2018-05-28,28.6,24.5,32.8,0.5,,,,,,
148,2018-05-29,28.3,,,40.6,,,,,,
149,2018-05-30,28.7,23.9,34.0,0.3,,,,,,
150,2018-05-31,28.2,,,0.0,,,,,,
151,2018-06-01,30.7,24.5,35.4,,,,,,,
152,2018-06-02,29.6,,,,,,,,,
153,2018-06-03,30.0,25.3,,,,,,,,
154,2018-06-04,28.9,,34.1,29.2,,,,,,
155,2018-06-05,27.9,24.1,33.2,22.6,,,,,,
156,2018-06-06,29.0,24.9,33.2,3.3,,,,,,
157,2018-06-07,27.3,25.2,31.1,17.8,,,,,,
158,2018-06-08,26.4,,,115.1,,,,,,
159,2018-06-09,29.0,23.9,33.2,10.4,,,,,,
160,2018-06-10,26.9,25.9,,12.2,,,,,,
161,2018-06-11,26.3,23.7,,15.0,,,,,,
162,2018-06-12,28.2,25.2,,0.8,,,,,,
163,2018-06-13,28.6,,33.7,6.6,,,,,,
164,2018-06-14,27.5,24.6,,28.7,,,,,,
165,2018-06-15,27.2,,,20.6,,,,,,
166,2018-06-16,27.4,24.5,29.6,0.0,,,,,,
167,2018-06-17,28.6,25.4,32.2,0.0,,,,,,
168,2018-06-18,28.8,26.4,,0.3,,,,,,
169,2018-06-19,29.1,26.4,,0.0,,,,,,
170,2018-06-20,29.9,26.0,,0.0,,,,,,
171,2018-06-21,27.4,,,16.8,,,,,,
172,2018-06-22,28.6,23.6,32.8,14.7,,,,,,
173,2018-06-23,27.2,25.1,,24.1,,,,,,
174,2018-06-24,26.6,24.5,,3.8,,,,,,
175,2018-06-25,26.6,,30.6,43.2,,,,,,
176,2018-06-26,26.6,23.4,,25.1,,,,,,
177,2018-06-27,26.9,22.5,31.3,40.9,,,,,,
178,2018-06-28,28.3,24.7,33.1,1.3,,,,,,
179,2018-06-29,26.5,,,19.3,,,,,,
180,2018-06-30,29.5,24.9,,0.5,,,,,,
181,2018-07-01,30.1,25.6,34.3,,,,,,,
182,2018-07-02,29.2,,,0.8,,,,,,
183,2018-07-03,29.3,25.2,,6.9,,,,,,
184,2018-07-04,30.0,25.1,34.7,2.3,,,,,,
185,2018-07-05,29.2,26.3,32.0,,,,,,,
186,2018-07-06,28.3,,33.2,3.6,,,,,,
187,2018-07-07,26.6,24.0,,25.1,,,,,,
188,2018-07-08,25.8,23.3,,78.7,,,,,,
189,2018-07-09,26.1,,27.6,55.9,,,,,,
190,2018-07-10,27.1,24.0,30.2,21.6,,,,,,
191,2018-07-11,27.4,24.6,31.5,16.5,,,,,,
192,2018-07-12,26.6,24.2,29.5,32.8,,,,,,
193,2018-07-13,26.3,,30.5,7.6,,,,,,
194,2018-07-14,26.4,24.0,,29.7,,,,,,
195,2018-07-15,25.7,24.0,27.7,88.9,,,,,,
196,2018-07-16,24.3,23.5,25.5,294.6,,,,,,
197,2018-07-17,25.9,23.9,27.0,11.4,,,,,,
198,2018-07-18,27.5,24.5,,17.5,,,,,,
199,2018-07-19,26.7,25.5,,3.8,,,,,,
200,2018-07-20,27.5,,,2.0,,,,,,
201,2018-07-21,27.1,24.8,30.3,7.4,,,,,,
202,2018-07-22,25.8,,29.0,40.4,,,,,,
203,2018-07-23,27.3,23.8,31.5,13.0,,,,,,
204,2018-07-24,26.2,23.5,,14.5,,,,,,
205,2018-07-25,25.7,,28.4,31.2,,,,,,
206,2018-07-26,24.6,23.8,,28.7,,,,,,
207,2018-07-27,24.4,23.6,,134.1,,,,,,
208,2018-07-28,24.7,,26.0,23.6,,,,,,
209,2018-07-29,24.4,23.2,,37.3,,,,,,
210,2018-07-30,24.9,23.0,28.8,67.3,,,,,,
211,2018-07-31,26.9,23.0,,11.9,,,,,,
212,2018-08-01,27.6,,32.5,5.1,,,,,,
213,2018-08-02,26.4,,,52.8,,,,,,
214,2018-08-03,27.2,24.0,,2.3,,,,,,
215,2018-08-04,28.2,24.2,,1.3,,,,,,
216,2018-08-05,27.2,24.9,,1.5,,,,,,
217,2018-08-06,27.8,24.3,,0.0,,,,,,
218,2018-08-07,29.0,24.9,33.6,0.0,,,,,,
219,2018-08-08,29.1,24.6,,1.8,,,,,,
220,2018-08-09,27.1,24.5,,19.3,,,,,,
221,2018-08-10,26.3,24.0,29.0,37.8,,,,,,
222,2018-08-11,27.5,25.1,,0.5,,,,,,
223,2018-08-12,27.1,,,14.0,,,,,,
224,2018-08-13,24.8,24.2,25.7,85.3,,,,,,
225,2018-08-14,26.2,24.4,,11.7,,,,,,
226,2018-08-15,27.1,25.0,29.2,0.5,,,,,,
227,2018-08-16,26.6,25.2,29.0,4.1,,,,,,
228,2018-08-17,26.2,24.7,28.7,0.5,,,,,,
229,2018-08-18,27.6,24.3,32.0,1.0,,,,,,
230,2018-08-19,27.4,24.9,,7.9,,,,,,
231,2018-08-20,27.5,,,0.5,,,,,,
232,2018-08-21,26.7,,,35.3,,,,,,
233,2018-08-22,26.2,23.0,28.2,4.8,,,,,,
234,2018-08-23,25.6,,,38.9,,,,,,
235,2018-08-24,25.8,23.6,,41.7,,,,,,
236,2018-08-25,25.3,22.9,,47.5,,,,,,
237,2018-08-26,24.9,23.3,,20.1,,,,,,
238,2018-08-27,26.6,24.0,30.4,18.0,,,,,,
239,2018-08-28,26.8,24.2,29.4,1.0,,,,,,
240,2018-08-29,25.1,24.2,,5.3,,,,,,
241,2018-08-30,26.3,23.8,28.5,9.4,,,,,,
242,2018-08-31,27.8,24.9,,2.3,,,,,,
243,2018-09-01,28.2,24.9,32.2,0.3,,,,,,
244,2018-09-02,28.3,25.0,,,,,,,,
245,2018-09-03,25.4,,30.0,25.7,,,,,,
246,2018-09-04,26.9,23.2,,11.2,,,,,,
247,2018-09-05,26.7,24.0,,4.6,,,,,,
248,2018-09-06,29.4,24.2,,3.0,,,,,,
249,2018-09-07,28.9,,,40.9,,,,,,
250,2018-09-08,27.1,23.2,,,,,,,,
251,2018-09-09,27.7,23.5,31.4,,,,,,,
252,2018-09-10,28.4,24.2,33.2,0.0,,,,,,
253,2018-09-11,28.5,24.1,,74.9,,,,,,
254,2018-09-12,28.1,24.1,,11.2,,,,,,
255,2018-09-13,28.3,24.5,32.5,6.1,,,,,,
256,2018-09-14,28.6,24.5,34.2,4.6,,,,,,
257,2018-09-15,30.9,24.9,34.7,0.3,,,,,,
258,2018-09-16,30.3,,34.8,0.0,,,,,,
259,2018-09-17,,,,,,,,,,
260,2018-09-18,25.1,,,4.6,,,,,,
261,2018-09-19,28.7,24.0,,0.0,,,,,,
262,2018-09-20,28.8,,,0.0,,,,,,
263,2018-09-21,29.6,22.8,,,,,,,,
264,2018-09-22,28.7,24.4,34.5,12.7,,,,,,
265,2018-09-23,28.1,24.2,33.8,13.0,,,,,,
266,2018-09-24,29.3,24.4,,7.6,,,,,,
267,2018-09-25,29.2,25.0,,0.0,,,,,,
268,2018-09-26,29.9,26.2,34.8,2.8,,,,,,
269,2018-09-27,28.4,,33.9,0.0,,,,,,
270,2018-09-28,29.2,25.4,,0.0,,,,,,
271,2018-09-29,27.4,,32.3,,,,,,,
272,2018-09-30,28.7,22.7,33.1,,,,,,,
273,2018-10-01,27.9,,33.5,,,,,,,
274,2018-10-02,27.9,22.2,,,,,,,,
275,2018-10-03,27.8,,32.0,,,,,,,
276,2018-10-04,26.8,22.7,,,,,,,,
277,2018-10-05,27.7,22.0,,,,,,,,
278,2018-10-06,28.1,21.8,,,,,,,,
279,2018-10-07,27.9,21.6,,,,,,,,
280,2018-10-08,28.4,21.8,34.2,,,,,,,
281,2018-10-09,29.3,22.7,34.5,,,,,,,
282,2018-10-10,28.3,,34.0,,,,,,,
283,2018-10-11,26.8,,,,,,,,,
284,2018-10-12,26.9,20.9,,,,,,,,
285,2018-10-13,28.3,22.7,,0.0,,,,,,
286,2018-10-14,29.7,24.0,35.2,0.0,,,,,,
287,2018-10-15,29.9,25.0,35.0,,,,,,,
288,2018-10-16,29.5,24.5,,,,,,,,
289,2018-10-17,28.7,23.9,33.9,42.4,,,,,,
290,2018-10-18,28.2,,34.5,2.0,,,,,,
291,2018-10-19,28.8,24.2,,,,,,,,
292,2018-10-20,28.7,23.5,33.7,,,,,,,
293,2018-10-21,28.4,24.7,32.7,0.0,,,,,,
294,2018-10-22,28.6,24.3,,0.0,,,,,,
295,2018-10-23,28.1,24.0,,,,,,,,
296,2018-10-24,28.7,23.4,,,,,,,,
297,2018-10-25,28.9,23.5,34.4,,,,,,,
298,2018-10-26,29.1,24.2,,,,,,,,
299,2018-10-27,28.5,23.4,,,,,,,,
300,2018-10-28,27.0,,31.7,,,,,,,
301,2018-10-29,27.1,22.1,33.2,,,,,,,
302,2018-10-30,26.0,,32.0,,,,,,,
303,2018-10-31,24.5,,,,,,,,,
304,2018-11-01,24.1,16.7,,,,,,,,
305,2018-11-02,24.6,15.4,,,,,,,,
306,2018-11-03,24.9,17.6,32.1,,,,,,,
307,2018-11-04,26.3,18.6,32.7,,,,,,,
308,2018-11-05,27.4,,,,,,,,,
309,2018-11-06,27.7,20.7,,,,,,,,
310,2018-11-07,28.0,22.0,,,,,,,,
311,2018-11-08,28.3,23.2,33.0,,,,,,,
312,2018-11-09,27.3,24.0,,,,,,,,
313,2018-11-10,26.9,23.0,,,,,,,,
314,2018-11-11,28.4,22.5,,,,,,,,
315,2018-11-12,28.1,23.7,,,,,,,,
316,2018-11-13,28.6,23.4,,,,,,,,
317,2018-11-14,28.8,23.2,,,,,,,,
318,2018-11-15,28.8,23.6,,,,,,,,
319,2018-11-16,29.0,23.2,,,,,,,,
320,2018-11-17,29.1,23.2,,,,,,,,
321,2018-11-18,28.7,23.1,,,,,,,,
322,2018-11-19,28.4,,,,,,,,,
323,2018-11-20,27.9,22.4,,,,,,,,
324,2018-11-21,29.3,23.5,,,,,,,,
325,2018-11-22,26.1,,,,,,,,,
326,2018-11-23,24.5,,31.2,,,,,,,
327,2018-11-24,24.3,18.2,,,,,,,,
328,2018-11-25,24.9,18.9,,,,,,,,
329,2018-11-26,25.6,20.0,,0.0,,,,,,
330,2018-11-27,23.9,,,1.0,,,,,,
331,2018-11-28,24.6,,,0.3,,,,,,
332,2018-11-29,25.5,19.4,,0.0,,,,,,
333,2018-11-30,26.8,20.9,32.8,,,,,,,
334,2018-12-01,27.2,21.6,,,,,,,,
335,2018-12-02,27.6,21.0,,,,,,,,
336,2018-12-03,27.8,21.2,34.8,,,,,,,
337,2018-12-04,27.1,21.0,,,,,,,,
338,2018-12-05,27.3,20.4,,,,,,,,
339,2018-12-06,28.3,22.4,,,,,,,,
340,2018-12-07,28.3,22.1,,,,,,,,
341,2018-12-08,27.6,,,,,,,,,
342,2018-12-09,25.0,,,,,,,,,
343,2018-12-10,25.1,19.9,,,,,,,,
344,2018-12-11,24.8,,,0.0,,,,,,
345,2018-12-12,21.6,,,0.0,,,,,,
346,2018-12-13,21.4,15.6,,,,,,,,
347,2018-12-14,21.7,14.8,,,,,,,,
348,2018-12-15,23.6,16.1,,,,,,,,
349,2018-12-16,23.4,,,,,,,,,
350,2018-12-17,21.6,,,,,,,,,
351,2018-12-18,22.6,15.1,,,,,,,,
352,2018-12-19,24.1,16.0,31.3,,,,,,,
353,2018-12-20,25.2,19.0,32.2,,,,,,,
354,2018-12-21,27.1,20.0,,,,,,,,
355,2018-12-22,27.7,21.7,,,,,,,,
356,2018-12-23,26.2,,31.5,,,,,,,
357,2018-12-24,25.8,19.1,,,,,,,,
358,2018-12-25,24.4,18.1,,,,,,,,
359,2018-12-26,24.8,18.7,32.4,,,,,,,
360,2018-12-27,26.9,19.0,,,,,,,,
361,2018-12-28,26.2,23.9,30.8,0.0,,,,,,
362,2018-12-29,22.4,,26.0,0.8,,,,,,
363,2018-12-30,20.6,,26.5,,,,,,,
364,2018-12-31,19.8,,26.0,,,,,,,
365,2019-01-01,20.3,12.9,,,,,,,,
366,2019-01-02,20.1,14.1,27.5,,,,,,,
367,2019-01-03,21.5,14.0,27.5,,,,,,,
368,2019-01-04,23.2,17.9,28.3,,,,,,,
369,2019-01-05,24.7,19.6,31.0,,,,,,,
370,2019-01-06,26.5,21.0,,,,,,,,
371,2019-01-07,27.0,20.8,33.3,,,,,,,
372,2019-01-08,26.7,21.2,,,,,,,,
373,2019-01-09,26.7,,,,,,,,,
374,2019-01-10,26.4,21.2,,,,,,,,
375,2019-01-11,26.2,20.5,,,,,,,,
376,2019-01-12,26.2,19.6,,,,,,,,
377,2019-01-13,25.7,19.9,,,,,,,,
378,2019-01-14,26.7,21.3,32.5,,,,,,,
379,2019-01-15,26.1,21.5,,,,,,,,
380,2019-01-16,24.8,,,,,,,,,
381,2019-01-17,22.2,,,,,,,,,
382,2019-01-18,22.7,16.3,,,,,,,,
383,2019-01-19,25.4,18.6,31.4,,,,,,,
384,2019-01-20,26.1,21.4,32.5,,,,,,,
385,2019-01-21,24.0,,,,,,,,,
386,2019-01-22,21.2,15.6,,,,,,,,
387,2019-01-23,22.5,13.9,,,,,,,,
388,2019-01-24,23.3,16.5,,,,,,,,
389,2019-01-25,24.6,16.7,,,,,,,,
390,2019-01-26,23.2,,,,,,,,,
391,2019-01-27,22.8,15.2,,,,,,,,
392,2019-01-28,23.4,15.7,30.0,,,,,,,
393,2019-01-29,25.3,17.2,,,,,,,,
394,2019-01-30,25.8,,,,,,,,,
395,2019-01-31,26.3,18.7,,,,,,,,
396,2019-02-01,25.2,,,,,,,,,
397,2019-02-02,25.3,17.9,,,,,,,,
398,2019-02-03,26.6,19.6,,,,,,,,
399,2019-02-04,27.7,20.6,,,,,,,,
400,2019-02-05,27.3,20.7,,,,,,,,
401,2019-02-06,27.1,21.6,,15.0,,,,,,
402,2019-02-07,28.2,,,,,,,,,
403,2019-02-08,27.3,20.0,,,,,,,,
404,2019-02-09,28.1,19.9,,,,,,,,
405,2019-02-10,27.7,21.1,,0.0,,,,,,
406,2019-02-11,27.3,,,0.0,,,,,,
407,2019-02-12,27.4,21.7,33.5,,,,,,,
408,2019-02-13,27.1,20.9,,,,,,,,
409,2019-02-14,27.1,19.5,,,,,,,,
410,2019-02-15,27.1,20.7,,,,,,,,
411,2019-02-16,27.8,21.5,,,,,,,,
412,2019-02-17,23.9,,,5.6,,,,,,
413,2019-02-18,25.8,20.7,,3.6,,,,,,
414,2019-02-19,27.9,22.0,,0.0,,,,,,
415,2019-02-20,28.9,22.5,,,,,,,,
416,2019-02-21,29.1,23.4,,,,,,,,
417,2019-02-22,30.2,24.5,,,,,,,,
418,2019-02-23,29.7,24.4,,,,,,,,
419,2019-02-24,28.2,,,,,,,,,
420,2019-02-25,27.8,21.7,34.0,,,,,,,
421,2019-02-26,26.7,22.7,,0.3,,,,,,
422,2019-02-27,28.1,22.6,,,,,,,,
423,2019-02-28,28.9,23.4,35.8,,,,,,,
424,2019-03-01,29.3,23.3,35.7,2.0,,,,,,
425,2019-03-02,29.4,24.4,,1.3,,,,,,
426,2019-03-03,28.9,,,8.9,,,,,,
427,2019-03-04,26.1,,,15.5,,,,,,
428,2019-03-05,28.9,23.6,,8.4,,,,,,
429,2019-03-06,29.7,,,0.0,,,,,,
430,2019-03-07,29.8,24.2,,,,,,,,
431,2019-03-08,28.9,23.5,,,,,,,,
432,2019-03-09,29.3,,,,,,,,,
433,2019-03-10,29.2,23.0,,,,,,,,
434,2019-03-11,28.6,22.6,,,,,,,,
435,2019-03-12,28.1,21.5,,,,,,,,
436,2019-03-13,28.1,22.0,,,,,,,,
437,2019-03-14,30.1,22.7,,,,,,,,
438,2019-03-15,28.7,,,,,,,,,
439,2019-03-16,28.1,22.8,,,,,,,,
440,2019-03-17,28.9,22.5,,,,,,,,
441,2019-03-18,29.3,23.5,,,,,,,,
442,2019-03-19,30.1,23.5,,,,,,,,
443,2019-03-20,28.0,,,16.0,,,,,,
444,2019-03-21,30.6,24.9,,,,,,,,
445,2019-03-22,31.3,25.7,,,,,,,,
446,2019-03-23,31.8,26.2,,,,,,,,
447,2019-03-24,28.2,,,,,,,,,
448,2019-03-25,28.9,23.2,,,,,,,,
449,2019-03-26,30.1,23.7,,,,,,,,
450,2019-03-27,29.2,24.0,,0.0,,,,,,
451,2019-03-28,31.1,23.5,,0.0,,,,,,
452,2019-03-29,30.4,26.4,,0.0,,,,,,
453,2019-03-30,30.7,,36.2,,,,,,,
454,2019-03-31,30.1,25.4,,,,,,,,
455,2019-04-01,30.8,25.6,,0.0,,,,,,
456,2019-04-02,30.1,24.7,,0.0,,,,,,
457,2019-04-03,30.7,24.9,36.3,,,,,,,
458,2019-04-04,30.7,25.4,,,,,,,,
459,2019-04-05,29.1,,,13.7,,,,,,
460,2019-04-06,29.8,23.7,,,,,,,,
461,2019-04-07,31.0,25.6,,,,,,,,
462,2019-04-08,30.9,26.3,,,,,,,,
463,2019-04-09,32.6,26.0,38.0,,,,,,,
464,2019-04-10,30.7,,,3.0,,,,,,
465,2019-04-11,30.0,27.0,38.3,15.7,,,,,,
466,2019-04-12,31.1,,,,,,,,,
467,2019-04-13,29.7,25.6,,5.8,,,,,,
468,2019-04-14,28.6,,,0.0,,,,,,
469,2019-04-15,28.9,,,,,,,,,
470,2019-04-16,30.7,22.6,,7.6,,,,,,
471,2019-04-17,31.6,27.2,,0.0,,,,,,
472,2019-04-18,33.2,27.5,,,,,,,,
473,2019-04-19,32.1,28.7,,0.3,,,,,,
474,2019-04-20,34.0,28.6,,,,,,,,
475,2019-04-21,33.2,,,,,,,,,
476,2019-04-22,26.4,,,21.1,,,,,,
477,2019-04-23,31.3,23.7,,21.1,,,,,,
478,2019-04-24,33.2,25.4,,0.0,,,,,,
479,2019-04-25,32.4,,,39.4,,,,,,
480,2019-04-26,29.8,23.1,,4.3,,,,,,
481,2019-04-27,30.6,,35.2,0.0,,,,,,
482,2019-04-28,29.6,,,4.8,,,,,,
483,2019-04-29,31.1,22.4,,2.0,,,,,,
484,2019-04-30,29.9,25.9,36.0,0.3,,,,,,
485,2019-05-01,31.4,26.6,37.0,0.0,,,,,,
486,2019-05-02,30.6,,37.5,3.8,,,,,,
487,2019-05-03,31.8,26.5,36.1,,,,,,,
488,2019-05-04,28.8,,,0.5,,,,,,
489,2019-05-05,31.2,26.6,,0.5,,,,,,
490,2019-05-06,29.1,,,13.0,,,,,,
491,2019-05-07,28.3,23.6,33.5,25.7,,,,,,
492,2019-05-08,28.8,25.3,,0.3,,,,,,
493,2019-05-09,27.8,24.4,32.0,5.8,,,,,,
494,2019-05-10,28.4,24.5,,2.3,,,,,,
495,2019-05-11,29.8,25.7,,2.3,,,,,,
496,2019-05-12,30.4,25.5,34.9,0.0,,,,,,
497,2019-05-13,29.1,26.6,32.7,1.5,,,,,,
498,2019-05-14,28.7,,,6.4,,,,,,
499,2019-05-15,29.7,25.5,33.7,0.0,,,,,,
500,2019-05-16,28.6,,,1.5,,,,,,
501,2019-05-17,30.9,26.0,,,,,,,,
502,2019-05-18,32.0,28.1,36.7,,,,,,,
503,2019-05-19,32.5,29.0,,,,,,,,
504,2019-05-20,32.5,28.1,,,,,,,,
505,2019-05-21,28.9,,34.8,,,,,,,
506,2019-05-22,26.2,22.5,,34.3,,,,,,
507,2019-05-23,28.4,,,33.8,,,,,,
508,2019-05-24,27.7,23.8,31.4,0.3,,,,,,
509,2019-05-25,27.1,25.4,,20.1,,,,,,
510,2019-05-26,26.5,,,6.4,,,,,,
511,2019-05-27,27.8,24.8,31.6,1.3,,,,,,
512,2019-05-28,27.4,,,0.5,,,,,,
513,2019-05-29,28.4,25.1,32.5,0.0,,,,,,
514,2019-05-30,26.8,24.5,,3.6,,,,,,
515,2019-05-31,27.6,24.2,,1.5,,,,,,
516,2019-06-01,26.9,24.6,,41.9,,,,,,
517,2019-06-02,28.7,24.4,32.7,3.6,,,,,,
518,2019-06-03,28.4,23.5,,31.2,,,,,,
519,2019-06-04,27.2,23.3,,46.0,,,,,,
520,2019-06-05,29.6,,34.3,0.0,,,,,,
521,2019-06-06,30.3,25.0,,2.8,,,,,,
522,2019-06-07,31.7,27.2,,0.0,,,,,,
523,2019-06-08,30.6,26.7,34.5,0.0,,,,,,
524,2019-06-09,30.3,27.2,33.6,0.0,,,,,,
525,2019-06-10,30.8,27.5,,0.0,,,,,,
526,2019-06-11,29.6,,34.6,1.5,,,,,,
527,2019-06-12,27.8,,,10.9,,,,,,
528,2019-06-13,27.3,25.1,,32.5,,,,,,
529,2019-06-14,28.1,,31.2,38.4,,,,,,
530,2019-06-15,27.5,24.2,,31.8,,,,,,
531,2019-06-16,28.8,24.4,,2.3,,,,,,
532,2019-06-17,26.4,23.5,30.2,59.4,,,,,,
533,2019-06-18,27.6,,31.9,41.1,,,,,,
534,2019-06-19,29.8,24.0,,0.5,,,,,,
535,2019-06-20,30.8,27.0,35.5,0.0,,,,,,
536,2019-06-21,32.2,27.1,36.6,,,,,,,
537,2019-06-22,32.7,27.7,,,,,,,,
538,2019-06-23,32.4,28.9,,,,,,,,
539,2019-06-24,30.4,,33.6,2.5,,,,,,
540,2019-06-25,29.9,,,0.3,,,,,,
541,2019-06-26,28.5,,33.6,35.3,,,,,,
542,2019-06-27,28.5,23.6,,23.6,,,,,,
543,2019-06-28,29.9,26.1,,0.0,,,,,,
544,2019-06-29,29.8,26.0,34.3,1.0,,,,,,
545,2019-06-30,28.5,,,38.9,,,,,,
546,2019-07-01,28.6,,,1.0,,,,,,
547,2019-07-02,24.9,23.5,27.0,160.3,,,,,,
548,2019-07-03,24.5,24.0,,47.2,,,,,,
549,2019-07-04,26.1,23.5,,0.0,,,,,,
550,2019-07-05,28.2,25.0,31.9,,,,,,,
551,2019-07-06,29.1,25.4,,0.0,,,,,,
552,2019-07-07,29.1,26.5,,3.6,,,,,,
553,2019-07-08,29.3,,34.2,0.8,,,,,,
554,2019-07-09,29.3,25.4,,7.4,,,,,,
555,2019-07-10,29.4,,,0.0,,,,,,
556,2019-07-11,28.6,25.5,32.8,2.8,,,,,,
557,2019-07-12,30.0,26.7,,2.3,,,,,,
558,2019-07-13,29.7,27.0,,0.0,,,,,,
559,2019-07-14,30.1,27.4,,,,,,,,
560,2019-07-15,30.3,26.5,,0.0,,,,,,
561,2019-07-16,30.9,27.0,,0.0,,,,,,
562,2019-07-17,31.4,27.8,,,,,,,,
563,2019-07-18,30.9,27.7,34.6,,,,,,,
564,2019-07-19,31.3,28.2,,,,,,,,
565,2019-07-20,30.7,27.6,34.6,,,,,,,
566,2019-07-21,29.1,,,1.0,,,,,,
567,2019-07-22,25.8,,,43.7,,,,,,
568,2019-07-23,27.1,24.0,,17.5,,,,,,
569,2019-07-24,25.9,22.9,28.9,60.2,,,,,,
570,2019-07-25,25.6,23.8,,42.9,,,,,,
571,2019-07-26,24.8,24.5,,12.4,,,,,,
572,2019-07-27,28.3,24.2,32.3,11.2,,,,,,
573,2019-07-28,30.0,25.4,34.0,0.0,,,,,,
574,2019-07-29,27.4,,,7.1,,,,,,
575,2019-07-30,26.7,23.2,30.4,2.3,,,,,,
576,2019-07-31,26.3,24.2,,10.7,,,,,,
577,2019-08-01,26.9,24.5,30.7,25.7,,,,,,
578,2019-08-02,26.3,24.8,,19.8,,,,,,
579,2019-08-03,26.6,,29.9,6.4,,,,,,
580,2019-08-04,25.8,24.2,,13.2,,,,,,
581,2019-08-05,27.7,24.2,,0.0,,,,,,
582,2019-08-06,27.6,24.1,,2.0,,,,,,
583,2019-08-07,30.1,25.8,34.2,1.0,,,,,,
584,2019-08-08,29.3,,34.1,2.3,,,,,,
585,2019-08-09,28.9,25.0,33.2,2.8,,,,,,
586,2019-08-10,28.5,25.0,,4.3,,,,,,
587,2019-08-11,28.6,,32.5,0.3,,,,,,
588,2019-08-12,28.7,,,1.5,,,,,,
589,2019-08-13,26.1,24.0,,29.5,,,,,,
590,2019-08-14,27.7,,,42.7,,,,,,
591,2019-08-15,27.2,25.0,,9.9,,,,,,
592,2019-08-16,26.3,,,19.6,,,,,,
593,2019-08-17,27.1,24.1,30.8,37.6,,,,,,
594,2019-08-18,27.7,25.1,,7.9,,,,,,
595,2019-08-19,28.9,25.7,,0.5,,,,,,
596,2019-08-20,24.9,,,13.7,,,,,,
597,2019-08-21,26.8,24.0,30.5,19.3,,,,,,
598,2019-08-22,26.1,23.9,29.7,8.6,,,,,,
599,2019-08-23,26.3,23.5,,50.0,,,,,,
600,2019-08-24,25.1,23.7,27.4,56.1,,,,,,
601,2019-08-25,27.0,23.9,32.0,5.8,,,,,,
602,2019-08-26,26.1,24.6,,66.8,,,,,,
603,2019-08-27,27.1,24.0,,44.2,,,,,,
604,2019-08-28,28.0,25.1,31.3,23.1,,,,,,
605,2019-08-29,26.3,,,43.7,,,,,,
606,2019-08-30,24.5,,,15.5,,,,,,
607,2019-08-31,26.3,23.3,,68.1,,,,,,
608,2019-09-01,27.8,25.0,,0.0,,,,,,
609,2019-09-02,25.8,,27.8,14.7,,,,,,
610,2019-09-03,25.1,,25.7,74.7,,,,,,
611,2019-09-04,25.1,,,44.7,,,,,,
612,2019-09-05,24.9,23.8,,32.8,,,,,,
613,2019-09-06,27.8,24.6,31.5,0.0,,,,,,
614,2019-09-07,28.6,25.7,33.5,1.3,,,,,,
615,2019-09-08,29.4,26.0,,0.0,,,,,,
616,2019-09-09,29.4,26.7,33.4,0.0,,,,,,
617,2019-09-10,26.1,,28.1,10.7,,,,,,
618,2019-09-11,25.5,23.0,,72.9,,,,,,
619,2019-09-12,27.9,24.1,33.1,0.0,,,,,,
620,2019-09-13,29.0,24.6,,0.0,,,,,,
621,2019-09-14,28.8,,,,,,,,,
622,2019-09-15,28.9,23.5,34.0,9.1,,,,,,
623,2019-09-16,29.5,24.4,34.5,0.0,,,,,,
624,2019-09-17,30.1,25.6,35.0,0.0,,,,,,
625,2019-09-18,28.2,25.5,32.5,0.0,,,,,,
626,2019-09-19,27.8,,,18.3,,,,,,
627,2019-09-20,28.2,24.0,34.0,1.3,,,,,,
628,2019-09-21,27.6,,34.0,,,,,,,
629,2019-09-22,27.3,,31.5,,,,,,,
630,2019-09-23,26.9,,,,,,,,,
631,2019-09-24,27.6,21.1,,,,,,,,
632,2019-09-25,27.6,21.6,33.2,,,,,,,
633,2019-09-26,28.2,,,,,,,,,
634,2019-09-27,27.8,21.8,34.1,,,,,,,
635,2019-09-28,27.9,21.5,33.7,,,,,,,
636,2019-09-29,27.8,21.8,34.4,,,,,,,
637,2019-09-30,27.8,21.3,,,,,,,,
638,2019-10-01,28.3,22.5,34.3,,,,,,,
639,2019-10-02,29.5,23.6,34.5,,,,,,,
640,2019-10-03,29.8,24.7,,,,,,,,
641,2019-10-04,27.3,23.0,,0.0,,,,,,
642,2019-10-05,27.4,22.0,,1.5,,,,,,
643,2019-10-06,27.3,,34.5,8.9,,,,,,
644,2019-10-07,26.9,22.3,,2.0,,,,,,
645,2019-10-08,27.1,22.7,,10.7,,,,,,
646,2019-10-09,28.0,23.0,,,,,,,,
647,2019-10-10,29.1,22.9,,,,,,,,
648,2019-10-11,29.2,23.1,,,,,,,,
649,2019-10-12,29.3,23.8,34.6,,,,,,,
650,2019-10-13,29.2,24.1,34.6,,,,,,,
651,2019-10-14,28.7,21.7,,,,,,,,
652,2019-10-15,27.8,,,,,,,,,
653,2019-10-16,28.0,23.6,32.7,,,,,,,
654,2019-10-17,28.2,23.1,33.4,,,,,,,
655,2019-10-18,27.6,22.2,,,,,,,,
656,2019-10-19,26.8,21.8,,,,,,,,
657,2019-10-20,27.6,22.4,,,,,,,,
658,2019-10-21,27.8,22.0,33.9,,,,,,,
659,2019-10-22,28.8,22.0,,,,,,,,
660,2019-10-23,29.7,24.6,35.0,,,,,,,
661,2019-10-24,29.8,25.6,34.8,,,,,,,
662,2019-10-25,28.3,,33.3,0.0,,,,,,
663,2019-10-26,28.4,23.3,33.5,0.0,,,,,,
664,2019-10-27,29.6,23.1,34.9,,,,,,,
665,2019-10-28,29.9,24.8,,,,,,,,
666,2019-10-29,26.2,,,,,,,,,
667,2019-10-30,24.8,19.1,31.2,,,,,,,
668,2019-10-31,24.0,19.2,,0.3,,,,,,
669,2019-11-01,26.6,19.9,,,,,,,,
670,2019-11-02,27.6,21.7,33.1,,,,,,,
671,2019-11-03,26.5,,31.9,,,,,,,
672,2019-11-04,25.4,,30.6,,,,,,,
673,2019-11-05,25.5,19.8,32.1,,,,,,,
674,2019-11-06,26.1,20.1,,,,,,,,
675,2019-11-07,26.6,,31.7,,,,,,,
676,2019-11-08,23.9,19.1,,,,,,,,
677,2019-11-09,24.4,17.9,,,,,,,,
678,2019-11-10,24.1,,30.2,,,,,,,
679,2019-11-11,26.0,18.3,,,,,,,,
680,2019-11-12,24.6,,,0.5,,,,,,
681,2019-11-13,24.9,21.0,,7.6,,,,,,
682,2019-11-14,24.1,,28.1,0.0,,,,,,
683,2019-11-15,24.8,20.4,,0.0,,,,,,
684,2019-11-16,26.3,20.0,,,,,,,,
685,2019-11-17,27.1,21.0,33.4,,,,,,,
686,2019-11-18,28.1,23.9,,,,,,,,
687,2019-11-19,25.0,,30.0,,,,,,,
688,2019-11-20,24.6,19.2,31.2,,,,,,,
689,2019-11-21,24.8,18.5,,,,,,,,
690,2019-11-22,25.4,18.4,,,,,,,,
691,2019-11-23,25.2,18.5,,,,,,,,
692,2019-11-24,26.3,17.7,,,,,,,,
693,2019-11-25,25.5,,32.1,,,,,,,
694,2019-11-26,26.2,18.2,32.9,,,,,,,
695,2019-11-27,26.4,21.4,32.3,,,,,,,
696,2019-11-28,25.4,,,,,,,,,
697,2019-11-29,24.7,18.0,31.9,,,,,,,
698,2019-11-30,25.6,18.9,,,,,,,,
699,2019-12-01,26.4,20.5,33.0,,,,,,,
700,2019-12-02,21.8,,29.1,,,,,,,
701,2019-12-03,19.3,14.3,25.7,,,,,,,
702,2019-12-04,18.2,,25.4,,,,,,,
703,2019-12-05,19.9,10.8,,,,,,,,
704,2019-12-06,19.5,,,,,,,,,
705,2019-12-07,18.9,,24.5,,,,,,,
706,2019-12-08,19.1,11.8,25.4,,,,,,,
707,2019-12-09,19.3,12.7,25.8,,,,,,,
708,2019-12-10,20.1,11.6,27.0,,,,,,,
709,2019-12-11,21.4,14.6,28.2,,,,,,,
710,2019-12-12,21.6,14.6,,,,,,,,
711,2019-12-13,22.4,15.2,30.0,,,,,,,
712,2019-12-14,24.4,15.4,31.6,,,,,,,
713,2019-12-15,25.8,18.6,32.6,,,,,,,
714,2019-12-16,25.5,18.1,,,,,,,,
715,2019-12-17,26.7,18.8,32.8,,,,,,,
716,2019-12-18,26.7,22.1,32.3,,,,,,,
717,2019-12-19,26.3,20.1,,,,,,,,
718,2019-12-20,26.5,21.7,31.7,,,,,,,
719,2019-12-21,26.0,,32.5,,,,,,,
720,2019-12-22,25.3,19.0,,,,,,,,
721,2019-12-23,25.1,19.0,32.6,,,,,,,
722,2019-12-24,25.9,19.3,,,,,,,,
723,2019-12-25,25.5,18.7,,,,,,,,
724,2019-12-26,26.2,19.1,,,,,,,,
725,2019-12-27,24.1,,,,,,,,,
726,2019-12-28,23.6,16.4,,,,,,,,
727,2019-12-29,24.6,18.3,,,,,,,,
728,2019-12-30,25.2,19.2,,,,,,,,
729,2019-12-31,26.2,19.0,,,,,,,,
730,2020-01-01,25.3,,30.7,,,,,,,
731,2020-01-02,25.5,18.9,,,,,,,,
732,2020-01-03,26.1,18.6,,,,,,,,
733,2020-01-04,25.7,20.4,,,,,,,,
734,2020-01-05,25.0,19.6,31.2,,,,,,,
735,2020-01-06,25.2,17.6,,,,,,,,
736,2020-01-07,26.7,19.1,33.2,,,,,,,
737,2020-01-08,27.1,,33.5,,,,,,,
738,2020-01-09,26.1,19.1,,,,,,,,
739,2020-01-10,25.7,18.5,33.6,,,,,,,
740,2020-01-11,26.5,18.0,,,,,,,,
741,2020-01-12,24.9,20.1,,,,,,,,
742,2020-01-13,25.8,17.5,32.6,,,,,,,
743,2020-01-14,25.2,17.8,,,,,,,,
744,2020-01-15,25.3,18.7,,,,,,,,
745,2020-01-16,26.2,19.7,33.7,,,,,,,
746,2020-01-17,26.1,19.6,33.0,,,,,,,
747,2020-01-18,25.6,19.0,,,,,,,,
748,2020-01-19,25.7,18.3,31.6,,,,,,,
749,2020-01-20,25.4,20.5,,,,,,,,
750,2020-01-21,26.0,20.5,,,,,,,,
751,2020-01-22,26.5,19.0,34.2,,,,,,,
752,2020-01-23,27.6,20.8,,,,,,,,
753,2020-01-24,27.6,23.0,,,,,,,,
754,2020-01-25,26.4,21.7,,0.0,,,,,,
755,2020-01-26,21.7,,,0.0,,,,,,
756,2020-01-27,20.4,16.6,,,,,,,,
757,2020-01-28,21.3,17.5,26.3,0.5,,,,,,
758,2020-01-29,21.3,16.4,28.1,0.0,,,,,,
759,2020-01-30,19.8,,,,,,,,,
760,2020-01-31,21.5,13.6,28.2,,,,,,,
761,2020-02-01,23.3,15.6,30.4,,,,,,,
762,2020-02-02,24.1,17.0,31.7,,,,,,,
763,2020-02-03,25.4,18.5,32.7,,,,,,,
764,2020-02-04,26.8,19.8,32.5,,,,,,,
765,2020-02-05,25.3,,,,,,,,,
766,2020-02-06,25.3,19.0,,,,,,,,
767,2020-02-07,27.2,20.9,,,,,,,,
768,2020-02-08,26.5,22.2,,,,,,,,
769,2020-02-09,23.4,,27.4,,,,,,,
770,2020-02-10,22.8,16.0,,,,,,,,
771,2020-02-11,25.3,16.7,33.2,,,,,,,
772,2020-02-12,28.2,21.2,,,,,,,,
773,2020-02-13,28.9,23.4,,0.0,,,,,,
774,2020-02-14,29.1,23.9,,0.0,,,,,,
775,2020-02-15,29.2,23.1,36.9,,,,,,,
776,2020-02-16,25.9,,33.4,,,,,,,
777,2020-02-17,21.9,,,,,,,,,
778,2020-02-18,21.4,,,,,,,,,
779,2020-02-19,24.2,14.7,,,,,,,,
780,2020-02-20,24.8,18.5,,,,,,,,
781,2020-02-21,24.5,17.7,,,,,,,,
782,2020-02-22,23.8,17.5,29.5,,,,,,,
783,2020-02-23,24.8,16.3,32.1,,,,,,,
784,2020-02-24,25.8,,,,,,,,,
785,2020-02-25,26.7,17.8,35.0,,,,,,,
786,2020-02-26,27.5,18.9,34.6,,,,,,,
787,2020-02-27,27.6,22.6,33.7,,,,,,,
788,2020-02-28,27.8,,34.8,,,,,,,
789,2020-02-29,27.1,20.6,34.4,,,,,,,
790,2020-03-01,28.9,21.9,,,,,,,,
791,2020-03-02,29.3,23.5,,,,,,,,
792,2020-03-03,27.6,24.6,34.1,3.3,,,,,,
793,2020-03-04,26.2,,30.0,10.2,,,,,,
794,2020-03-05,21.7,,24.5,10.2,,,,,,
795,2020-03-06,21.3,19.2,22.8,27.7,,,,,,
796,2020-03-07,25.3,20.2,31.5,,,,,,,
797,2020-03-08,28.4,21.1,,,,,,,,
798,2020-03-09,29.9,22.2,,,,,,,,
799,2020-03-10,29.4,23.5,,,,,,,,
800,2020-03-11,28.9,21.5,35.4,,,,,,,
801,2020-03-12,28.8,23.3,,0.0,,,,,,
802,2020-03-13,31.4,25.0,,0.0,,,,,,
803,2020-03-14,28.0,,,,,,,,,
804,2020-03-15,28.3,,33.0,,,,,,,
805,2020-03-16,28.8,22.4,,,,,,,,
806,2020-03-17,29.7,24.3,34.6,,,,,,,
807,2020-03-18,28.8,24.9,,7.6,,,,,,
808,2020-03-19,25.6,24.5,28.0,22.4,,,,,,
809,2020-03-20,26.8,22.5,31.5,3.8,,,,,,
810,2020-03-21,28.3,22.1,34.0,1.0,,,,,,
811,2020-03-22,28.9,24.0,,0.0,,,,,,
812,2020-03-23,29.3,23.0,35.4,,,,,,,
813,2020-03-24,27.5,,31.8,0.0,,,,,,
814,2020-03-25,25.8,22.7,30.0,2.0,,,,,,
815,2020-03-26,27.6,22.6,,1.5,,,,,,
816,2020-03-27,30.4,23.3,,0.0,,,,,,
817,2020-03-28,31.3,25.3,,,,,,,,
818,2020-03-29,31.4,25.5,37.7,,,,,,,
819,2020-03-30,31.6,26.4,,,,,,,,
820,2020-03-31,32.0,26.5,,,,,,,,
821,2020-04-01,30.8,26.1,,,,,,,,
822,2020-04-02,30.0,25.6,,0.3,,,,,,
823,2020-04-03,30.3,25.5,,,,,,,,
824,2020-04-04,29.9,25.2,36.2,,,,,,,
825,2020-04-05,28.7,,34.7,,,,,,,
826,2020-04-06,27.7,,,,,,,,,
827,2020-04-07,24.2,,27.6,10.9,,,,,,
828,2020-04-08,26.4,21.7,,0.0,,,,,,
829,2020-04-09,27.6,22.5,,0.0,,,,,,
830,2020-04-10,30.0,23.0,35.7,,,,,,,
831,2020-04-11,30.9,24.9,37.0,,,,,,,
832,2020-04-12,26.9,,,,,,,,,
833,2020-04-13,24.6,20.9,,,,,,,,
834,2020-04-14,26.5,20.7,32.1,,,,,,,
835,2020-04-15,28.9,20.9,35.9,,,,,,,
836,2020-04-16,30.1,23.0,,0.0,,,,,,
837,2020-04-17,28.2,,,1.5,,,,,,
838,2020-04-18,28.4,22.9,,0.0,,,,,,
839,2020-04-19,31.6,24.3,38.0,0.0,,,,,,
840,2020-04-20,32.5,26.0,,,,,,,,
841,2020-04-21,32.6,,,14.5,,,,,,
842,2020-04-22,29.0,,,2.3,,,,,,
843,2020-04-23,29.8,22.7,,2.3,,,,,,
844,2020-04-24,27.8,,,0.0,,,,,,
845,2020-04-25,26.8,22.5,,0.0,,,,,,
846,2020-04-26,27.3,21.4,33.6,,,,,,,
847,2020-04-27,28.1,20.5,,,,,,,,
848,2020-04-28,29.2,22.0,35.4,,,,,,,
849,2020-04-29,29.4,23.9,35.8,,,,,,,
850,2020-04-30,30.6,24.0,37.5,,,,,,,
851,2020-05-01,31.5,24.0,38.1,,,,,,,
852,2020-05-02,31.6,25.5,,,,,,,,
853,2020-05-03,32.3,26.0,39.2,,,,,,,
854,2020-05-04,29.9,,,2.0,,,,,,
855,2020-05-05,33.4,25.4,40.1,,,,,,,
856,2020-05-06,33.9,28.6,,4.1,,,,,,
857,2020-05-07,33.7,,40.0,,,,,,,
858,2020-05-08,33.4,28.1,39.5,0.0,,,,,,
859,2020-05-09,32.4,,,9.4,,,,,,
860,2020-05-10,33.5,26.6,,,,,,,,
861,2020-05-11,29.4,,,,,,,,,
862,2020-05-12,32.4,24.2,,,,,,,,
863,2020-05-13,32.4,,,23.9,,,,,,
864,2020-05-14,32.6,25.4,,,,,,,,
865,2020-05-15,34.1,27.5,,,,,,,,
866,2020-05-16,33.1,,,,,,,,,
867,2020-05-17,30.7,,,2.5,,,,,,
868,2020-05-18,29.6,24.5,,5.3,,,,,,
869,2020-05-19,30.2,25.0,36.9,1.8,,,,,,
870,2020-05-20,29.4,25.0,35.9,41.9,,,,,,
871,2020-05-21,32.2,27.0,,,,,,,,
872,2020-05-22,33.2,27.5,38.2,,,,,,,
873,2020-05-23,30.4,,,16.3,,,,,,
874,2020-05-24,29.1,24.7,,7.6,,,,,,
875,2020-05-25,27.9,24.6,33.7,22.1,,,,,,
876,2020-05-26,30.0,25.7,,15.2,,,,,,
877,2020-05-27,30.8,27.0,,0.0,,,,,,
878,2020-05-28,26.0,23.3,29.6,34.8,,,,,,
879,2020-05-29,27.4,22.5,,39.9,,,,,,
880,2020-05-30,26.1,24.2,29.4,19.8,,,,,,
881,2020-05-31,28.4,23.7,,29.2,,,,,,
882,2020-06-01,26.4,,,7.9,,,,,,
883,2020-06-02,26.9,24.5,,0.8,,,,,,
884,2020-06-03,29.3,24.2,33.4,0.0,,,,,,
885,2020-06-04,29.6,26.2,,,,,,,,
886,2020-06-05,29.5,26.6,34.0,0.0,,,,,,
887,2020-06-06,30.1,26.0,,0.0,,,,,,
888,2020-06-07,29.4,26.4,,0.0,,,,,,
889,2020-06-08,30.5,27.1,,,,,,,,
890,2020-06-09,31.4,27.0,35.7,,,,,,,
891,2020-06-10,32.0,26.7,36.5,,,,,,,
892,2020-06-11,28.8,25.0,,0.0,,,,,,
893,2020-06-12,31.2,27.1,36.8,0.0,,,,,,
894,2020-06-13,30.8,,,0.5,,,,,,
895,2020-06-14,28.6,24.0,,20.3,,,,,,
896,2020-06-15,27.6,,31.4,6.1,,,,,,
897,2020-06-16,26.6,24.9,,3.0,,,,,,
898,2020-06-17,26.9,25.2,,4.8,,,,,,
899,2020-06-18,26.8,25.0,29.2,7.4,,,,,,
900,2020-06-19,28.6,25.4,,0.5,,,,,,
901,2020-06-20,30.8,26.0,35.1,0.0,,,,,,
902,2020-06-21,30.5,27.1,34.2,0.0,,,,,,
903,2020-06-22,31.0,27.8,,0.0,,,,,,
904,2020-06-23,30.7,27.1,,,,,,,,
905,2020-06-24,31.7,,,,,,,,,
906,2020-06-25,29.8,,34.1,,,,,,,
907,2020-06-26,27.7,23.3,,60.5,,,,,,
908,2020-06-27,30.4,25.7,34.9,0.0,,,,,,
909,2020-06-28,31.1,27.4,,,,,,,,
910,2020-06-29,29.9,26.4,34.7,1.0,,,,,,
911,2020-06-30,27.6,,32.8,15.2,,,,,,
912,2020-07-01,27.1,25.0,31.1,3.8,,,,,,
913,2020-07-02,26.5,,,65.5,,,,,,
914,2020-07-03,26.4,24.3,29.5,48.8,,,,,,
915,2020-07-04,27.9,24.2,,1.5,,,,,,
916,2020-07-05,28.9,26.1,,0.0,,,,,,
917,2020-07-06,31.1,26.7,,,,,,,,
918,2020-07-07,30.1,27.4,,,,,,,,
919,2020-07-08,30.5,26.5,,,,,,,,
920,2020-07-09,31.1,26.6,36.6,,,,,,,
921,2020-07-10,30.4,,36.0,,,,,,,
922,2020-07-11,29.9,26.8,,,,,,,,
923,2020-07-12,28.8,,33.7,,,,,,,
924,2020-07-13,30.1,25.2,34.7,3.6,,,,,,
925,2020-07-14,30.4,26.6,,0.0,,,,,,
926,2020-07-15,28.9,25.5,34.2,0.0,,,,,,
927,2020-07-16,28.9,25.5,,1.5,,,,,,
928,2020-07-17,29.5,26.1,,,,,,,,
929,2020-07-18,31.3,26.5,35.8,,,,,,,
930,2020-07-19,27.4,,34.1,37.6,,,,,,
931,2020-07-20,29.6,25.4,,2.8,,,,,,
932,2020-07-21,29.0,23.9,32.8,7.6,,,,,,
933,2020-07-22,27.8,,32.8,0.3,,,,,,
934,2020-07-23,29.9,24.5,34.3,,,,,,,
935,2020-07-24,30.6,26.5,35.8,1.5,,,,,,
936,2020-07-25,30.8,25.9,35.0,,,,,,,
937,2020-07-26,30.9,27.6,,,,,,,,
938,2020-07-27,30.6,,35.7,1.5,,,,,,
939,2020-07-28,26.5,,,9.1,,,,,,
940,2020-07-29,29.9,24.7,,,,,,,,
941,2020-07-30,30.9,26.4,35.3,0.3,,,,,,
942,2020-07-31,28.3,,,13.2,,,,,,
943,2020-08-01,25.5,,,55.6,,,,,,
944,2020-08-02,25.6,23.9,,59.4,,,,,,
945,2020-08-03,27.7,25.2,31.0,1.8,,,,,,
946,2020-08-04,27.4,,31.0,3.0,,,,,,
947,2020-08-05,27.6,24.5,,26.4,,,,,,
948,2020-08-06,27.3,24.8,30.1,11.7,,,,,,
949,2020-08-07,29.3,,34.0,1.8,,,,,,
950,2020-08-08,28.1,24.3,33.0,13.2,,,,,,
951,2020-08-09,27.8,25.0,,1.3,,,,,,
952,2020-08-10,27.2,25.5,,8.1,,,,,,
953,2020-08-11,26.3,,,21.8,,,,,,
954,2020-08-12,27.2,24.6,,4.6,,,,,,
955,2020-08-13,26.6,24.6,,25.4,,,,,,
956,2020-08-14,26.5,24.1,30.6,0.3,,,,,,
957,2020-08-15,25.6,22.7,28.9,41.4,,,,,,
958,2020-08-16,24.9,23.2,,4.8,,,,,,
959,2020-08-17,24.6,23.5,26.7,10.9,,,,,,
960,2020-08-18,25.6,23.8,,18.3,,,,,,
961,2020-08-19,28.0,23.7,,0.0,,,,,,
962,2020-08-20,27.0,,30.6,19.8,,,,,,
963,2020-08-21,26.9,24.4,31.0,2.3,,,,,,
964,2020-08-22,26.7,24.8,,1.8,,,,,,
965,2020-08-23,27.3,,32.5,1.8,,,,,,
966,2020-08-24,27.6,24.0,31.4,1.5,,,,,,
967,2020-08-25,29.8,25.0,,0.0,,,,,,
968,2020-08-26,28.3,,34.5,24.9,,,,,,
969,2020-08-27,28.4,24.7,,0.3,,,,,,
970,2020-08-28,28.9,25.6,,,,,,,,
971,2020-08-29,27.8,,32.4,,,,,,,
972,2020-08-30,30.0,25.4,34.6,,,,,,,
973,2020-08-31,29.1,,,,,,,,,
974,2020-09-01,29.9,24.7,,,,,,,,
975,2020-09-02,30.0,25.6,34.9,0.0,,,,,,
976,2020-09-03,29.9,26.5,34.7,0.0,,,,,,
977,2020-09-04,30.3,26.1,34.8,0.0,,,,,,
978,2020-09-05,29.6,26.7,,,,,,,,
979,2020-09-06,28.3,25.5,,1.8,,,,,,
980,2020-09-07,28.4,,,0.0,,,,,,
981,2020-09-08,29.3,25.5,33.0,0.0,,,,,,
982,2020-09-09,30.0,26.4,,,,,,,,
983,2020-09-10,28.8,26.5,33.2,0.0,,,,,,
984,2020-09-11,29.0,,34.0,0.0,,,,,,
985,2020-09-12,28.4,23.7,,18.8,,,,,,
986,2020-09-13,28.8,25.5,,0.0,,,,,,
987,2020-09-14,30.1,25.1,,0.0,,,,,,
988,2020-09-15,29.5,25.7,,5.1,,,,,,
989,2020-09-16,30.4,26.3,35.1,0.5,,,,,,
990,2020-09-17,28.5,,,3.8,,,,,,
991,2020-09-18,25.9,25.5,28.2,36.6,,323.0,5.4,,1000.2,
992,2020-09-19,26.9,23.7,29.8,10.9,,,,,,
993,2020-09-20,26.1,24.4,,3.8,,,,,,
994,2020-09-21,28.8,24.8,,0.0,,,,,,
995,2020-09-22,27.9,,32.5,0.0,,,,,,
996,2020-09-23,29.0,25.2,,0.0,,,,,,
997,2020-09-24,28.6,,,0.5,,,,,,
998,2020-09-25,28.0,25.5,31.7,0.8,,,,,,
999,2020-09-26,29.7,25.2,,,,,,,,
1000,2020-09-27,29.2,26.3,34.5,,,,,,,
1001,2020-09-28,29.4,25.5,,,,,,,,
1002,2020-09-29,27.7,25.8,30.5,0.0,,,,,,
1003,2020-09-30,29.2,25.5,33.3,0.0,,,,,,
1004,2020-10-01,29.2,24.8,,3.0,,,,,,
1005,2020-10-02,29.2,25.0,34.4,0.0,,,,,,
1006,2020-10-03,28.7,25.2,,0.0,,,,,,
1007,2020-10-04,28.2,,,22.4,,,,,,
1008,2020-10-05,27.7,,,1.8,,,,,,
1009,2020-10-06,29.0,23.9,,,,,,,,
1010,2020-10-07,24.9,,,18.5,,,,,,
1011,2020-10-08,24.5,,26.8,30.2,,,,,,
1012,2020-10-09,25.3,22.5,28.5,3.6,,,,,,
1013,2020-10-10,25.7,,29.4,1.8,,,,,,
1014,2020-10-11,26.2,20.6,,0.0,,,,,,
1015,2020-10-12,24.1,23.1,,2.8,,,,,,
1016,2020-10-13,25.9,22.8,,0.0,,,,,,
1017,2020-10-14,27.1,22.7,,0.0,,,,,,
1018,2020-10-15,27.9,24.6,,,,,,,,
1019,2020-10-16,24.9,,,15.7,,,,,,
1020,2020-10-17,24.2,,,2.3,,,,,,
1021,2020-10-18,23.0,21.0,,8.1,,,,,,
1022,2020-10-19,23.0,21.0,,10.2,,,,,,
1023,2020-10-20,24.1,20.7,28.0,1.0,,,,,,
1024,2020-10-21,24.3,,30.5,0.0,,,,,,
1025,2020-10-22,24.1,18.5,,,,,,,,
1026,2020-10-23,24.1,18.0,31.1,,,,,,,
1027,2020-10-24,23.9,17.5,30.0,,,,,,,
1028,2020-10-25,23.1,19.5,,3.6,,,,,,
1029,2020-10-26,22.3,20.2,,0.5,,,,,,
1030,2020-10-27,25.1,21.3,,0.0,,,,,,
1031,2020-10-28,24.9,21.2,,0.3,,,,,,
1032,2020-10-29,25.8,22.3,,19.8,,,,,,
1033,2020-10-30,28.1,23.6,32.8,0.3,,,,,,
1034,2020-10-31,26.8,,,0.0,,,,,,
1035,2020-11-01,26.4,21.8,,,,,,,,
1036,2020-11-02,26.2,21.3,,,,,,,,
1037,2020-11-03,25.3,21.5,,,,,,,,
1038,2020-11-04,25.9,20.5,30.5,,,,,,,
1039,2020-11-05,25.7,20.5,,,,,,,,
1040,2020-11-06,26.1,20.9,,0.3,,,,,,
1041,2020-11-07,25.4,,,,,,,,,
1042,2020-11-08,24.6,20.0,30.7,,,,,,,
1043,2020-11-09,24.1,,,,,,,,,
1044,2020-11-10,24.6,17.8,29.6,,,,,,,
1045,2020-11-11,22.7,,26.5,0.0,,,,,,
1046,2020-11-12,23.9,,30.0,0.0,,,,,,
1047,2020-11-13,24.7,18.0,31.0,,,,,,,
1048,2020-11-14,24.9,16.3,,0.0,,,,,,
1049,2020-11-15,22.9,21.2,26.0,2.3,,,,,,
1050,2020-11-16,26.6,20.8,,2.3,,,,,,
1051,2020-11-17,27.0,21.5,,0.0,,,,,,
1052,2020-11-18,26.9,21.1,32.8,,,,,,,
1053,2020-11-19,27.4,21.3,,,,,,,,
1054,2020-11-20,27.6,21.6,,,,,,,,
1055,2020-11-21,28.1,21.7,34.0,,,,,,,
1056,2020-11-22,27.6,,,,,,,,,
1057,2020-11-23,26.7,21.0,,,,,,,,
1058,2020-11-24,27.2,21.0,,,,,,,,
1059,2020-11-25,27.1,23.2,32.3,,,,,,,
1060,2020-11-26,26.6,21.2,32.1,,,,,,,
1061,2020-11-27,26.1,,30.2,,,,,,,
1062,2020-11-28,24.7,19.0,,,,,,,,
1063,2020-11-29,24.0,20.7,,,,,,,,
1064,2020-11-30,23.0,,,,,,,,,
1065,2020-12-01,24.1,17.8,30.0,,,,,,,
1066,2020-12-02,22.9,,,,,,,,,
1067,2020-12-03,22.9,17.0,,,,,,,,
1068,2020-12-04,21.1,17.0,,,,,,,,
1069,2020-12-05,20.3,,26.7,,,,,,,
1070,2020-12-06,20.4,13.0,27.3,,,,,,,
1071,2020-12-07,21.8,14.1,,,,,,,,
1072,2020-12-08,21.4,,,,,,,,,
1073,2020-12-09,21.0,13.4,,,,,,,,
1074,2020-12-10,22.8,13.5,,,,,,,,
1075,2020-12-11,24.8,18.0,,,,,,,,
1076,2020-12-12,25.2,19.1,32.1,,,,,,,
1077,2020-12-13,25.9,19.3,,,,,,,,
1078,2020-12-14,27.7,21.1,33.3,,,,,,,
1079,2020-12-15,24.9,,31.0,,,,,,,
1080,2020-12-16,22.9,,,,,,,,,
1081,2020-12-17,21.7,16.0,28.5,,,,,,,
1082,2020-12-18,20.9,15.0,27.5,,,,,,,
1083,2020-12-19,19.3,14.5,25.5,,,,,,,
1084,2020-12-20,17.5,,23.3,,,,,,,
1085,2020-12-21,17.5,11.5,23.7,,,,,,,
1086,2020-12-22,18.6,10.9,,,,,,,,
1087,2020-12-23,20.9,13.4,,,,,,,,
1088,2020-12-24,22.1,15.0,29.9,,,,,,,
1089,2020-12-25,23.1,16.5,,,,,,,,
1090,2020-12-26,24.9,18.3,,,,,,,,
1091,2020-12-27,25.8,19.5,32.8,,,,,,,
1092,2020-12-28,25.5,19.5,32.2,,,,,,,
1093,2020-12-29,26.6,19.5,33.0,,,,,,,
1094,2020-12-30,21.2,,,,,,,,,
1095,2020-12-31,18.1,,,,,,,,,
1096,2021-01-01,17.2,,23.0,,,,,,,
1097,2021-01-02,18.7,10.5,24.7,,,65.0,6.3,,1018.3,
1098,2021-01-03,19.7,11.2,27.2,0.0,,66.0,7.6,,1016.6,
1099,2021-01-04,20.8,14.4,28.1,0.0,,43.0,5.8,,1016.6,
1100,2021-01-05,22.4,14.3,30.8,0.0,,86.0,7.8,,1015.7,
1101,2021-01-06,21.9,15.8,29.0,0.0,,77.0,6.5,,1014.3,
1102,2021-01-07,21.1,16.3,27.5,0.0,,64.0,7.6,,1014.0,
1103,2021-01-08,18.6,13.1,24.6,0.0,,64.0,10.2,,1017.0,
1104,2021-01-09,17.7,11.5,23.0,0.0,,59.0,8.6,,1018.1,
1105,2021-01-10,17.8,11.8,23.3,0.0,,76.0,8.2,,1017.3,
1106,2021-01-11,15.9,11.6,20.8,0.0,,54.0,10.1,,1020.6,
1107,2021-01-12,15.5,10.4,21.0,0.0,,62.0,9.6,,1021.2,
1108,2021-01-13,16.5,9.5,24.2,0.0,,36.0,3.8,,1016.7,
1109,2021-01-14,20.3,11.4,27.9,0.0,,72.0,5.0,,1014.4,
1110,2021-01-15,21.7,13.4,28.9,0.0,,93.0,5.7,,1012.1,
1111,2021-01-16,23.5,15.7,29.7,0.0,,86.0,6.4,,1012.2,
1112,2021-01-17,20.7,15.1,26.9,0.0,,71.0,12.5,,1017.8,
1113,2021-01-18,16.9,12.2,24.1,0.0,,71.0,7.5,,1019.7,
1114,2021-01-19,18.9,10.9,25.9,0.0,,72.0,6.7,,1016.3,
1115,2021-01-20,20.1,12.4,28.9,0.0,,31.0,3.8,,1014.3,
1116,2021-01-21,22.3,13.8,30.4,0.0,,103.0,5.1,,1012.9,
1117,2021-01-22,22.9,15.2,30.1,0.0,,86.0,5.8,,1012.1,
1118,2021-01-23,23.3,16.1,32.0,0.0,,117.0,5.3,,1012.3,
1119,2021-01-24,24.1,16.5,32.5,0.0,,34.0,5.2,,1011.8,
1120,2021-01-25,25.0,17.5,33.6,0.0,,76.0,4.9,,1011.6,
1121,2021-01-26,25.1,20.0,31.2,0.0,,95.0,10.4,,1012.9,
1122,2021-01-27,25.1,18.1,32.1,0.0,,89.0,7.0,,1012.9,
1123,2021-01-28,24.3,17.8,30.1,0.0,,77.0,11.8,,1015.8,
1124,2021-01-29,22.5,18.7,28.3,0.0,,75.0,9.7,,1017.0,
1125,2021-01-30,23.4,19.2,29.0,0.0,,75.0,10.4,,1016.2,
1126,2021-01-31,24.8,20.5,30.5,0.0,,72.0,10.2,,1015.7,
1127,2021-02-01,24.7,20.7,31.0,0.0,,86.0,8.7,,1015.6,
1128,2021-02-02,24.8,18.5,32.0,0.0,,94.0,9.3,,1015.5,
1129,2021-02-03,24.1,19.2,30.3,0.0,,81.0,11.8,,1015.9,
1130,2021-02-04,24.1,17.0,30.3,0.0,,74.0,9.5,,1016.5,
1131,2021-02-05,24.0,16.8,30.6,0.0,,72.0,9.1,,1015.3,
1132,2021-02-06,24.4,17.2,30.3,0.0,,66.0,8.4,,1014.1,
1133,2021-02-07,25.9,19.0,31.9,0.0,,72.0,5.5,,1013.1,
1134,2021-02-08,25.7,19.4,31.2,0.1,,92.0,11.0,,1012.9,
1135,2021-02-09,18.7,17.0,24.1,26.9,,52.0,6.4,,1012.7,
1136,2021-02-10,22.9,15.8,27.8,9.4,,30.0,4.6,,1013.5,
1137,2021-02-11,20.1,14.4,27.0,0.0,,112.0,6.3,,1014.2,
1138,2021-02-12,20.1,14.0,28.1,0.0,,111.0,7.9,,1014.6,
1139,2021-02-13,22.0,14.6,30.7,0.0,,131.0,6.0,,1014.4,
1140,2021-02-14,24.2,17.2,31.1,0.0,,91.0,5.1,,1014.1,
1141,2021-02-15,24.8,17.8,32.2,0.0,,95.0,4.8,,1011.9,
1142,2021-02-16,26.6,18.9,33.4,0.0,,107.0,6.5,,1011.4,
1143,2021-02-17,24.7,19.2,30.4,0.0,,89.0,11.1,,1015.3,
1144,2021-02-18,22.7,19.0,27.2,0.0,,66.0,12.7,,1019.2,
1145,2021-02-19,25.0,18.0,28.6,0.0,,58.0,10.1,,1019.5,
1146,2021-02-20,21.0,14.3,28.9,0.0,,86.0,10.4,,1017.3,
1147,2021-02-21,24.0,15.1,30.5,0.0,,17.0,4.3,,1014.4,
1148,2021-02-22,25.8,17.5,33.8,0.0,,96.0,4.8,,1012.2,
1149,2021-02-23,26.8,18.6,33.8,0.0,,105.0,6.5,,1011.4,
1150,2021-02-24,26.4,19.3,34.2,0.0,,135.0,5.6,,1009.3,
1151,2021-02-25,27.7,20.8,34.2,0.0,,104.0,5.0,,1007.1,
1152,2021-02-26,29.0,23.2,36.0,0.0,,82.0,5.2,,1005.4,
1153,2021-02-27,28.8,22.4,34.8,0.0,,108.0,9.5,,1006.9,
1154,2021-02-28,28.0,23.3,34.1,4.1,,117.0,8.2,,1009.2,
1155,2021-03-01,29.4,24.2,35.0,0.0,,129.0,5.9,,1011.7,
1156,2021-03-02,27.9,21.8,33.5,0.3,,81.0,9.1,,1013.2,
1157,2021-03-03,23.2,20.6,30.3,29.5,,86.0,7.8,,1014.0,
1158,2021-03-04,25.4,21.1,30.6,0.8,,34.0,3.8,,1013.8,
1159,2021-03-05,26.7,22.0,34.4,12.7,,125.0,4.5,,1011.8,
1160,2021-03-06,26.7,22.0,32.5,3.6,,39.0,3.0,,1012.8,
1161,2021-03-07,28.2,22.7,33.0,0.0,,74.0,6.9,,1012.7,
1162,2021-03-08,27.5,22.8,32.1,0.0,,110.0,5.4,,1014.2,
1163,2021-03-09,28.3,23.0,33.2,0.0,,65.0,5.1,,1013.4,
1164,2021-03-10,28.2,23.0,34.1,0.0,,64.0,5.9,,1013.3,
1165,2021-03-11,27.9,22.8,33.5,0.0,,82.0,8.0,,1013.7,
1166,2021-03-12,27.9,22.5,33.2,0.0,,89.0,9.0,,1014.2,
1167,2021-03-13,27.3,22.4,33.8,0.0,,92.0,10.3,,1013.7,
1168,2021-03-14,27.0,21.1,33.9,0.0,,70.0,7.0,,1011.6,
1169,2021-03-15,27.9,21.3,33.6,0.0,,135.0,4.7,,1010.0,
1170,2021-03-16,29.2,23.2,34.8,0.0,,85.0,3.9,,1008.8,
1171,2021-03-17,29.8,24.1,35.2,0.0,,115.0,4.8,,1008.5,
1172,2021-03-18,29.6,25.5,35.8,0.0,,144.0,4.2,,1008.4,
1173,2021-03-19,30.5,25.2,35.9,0.0,,88.0,4.7,,1007.4,
1174,2021-03-20,31.2,27.0,36.0,0.0,,117.0,4.9,,1006.2,
1175,2021-03-21,27.2,21.5,32.9,13.2,,68.0,7.6,,1009.7,
1176,2021-03-22,23.3,19.2,28.8,2.5,,64.0,9.6,,1016.2,
1177,2021-03-23,24.5,16.7,31.5,0.0,,66.0,7.0,,1015.7,
1178,2021-03-24,26.7,21.1,32.4,0.0,,91.0,9.2,,1012.3,
1179,2021-03-25,27.8,20.9,34.6,0.0,,91.0,7.6,,1010.5,
1180,2021-03-26,29.2,22.7,35.3,0.0,,73.0,4.8,,1009.2,
1181,2021-03-27,30.7,24.4,36.2,0.0,,127.0,4.7,,1007.7,
1182,2021-03-28,31.3,24.7,37.4,2.1,,28.0,3.4,,1007.0,
1183,2021-03-29,31.9,25.2,38.1,0.0,,317.0,4.2,,1005.6,
1184,2021-03-30,30.4,25.7,38.2,0.2,,223.0,6.0,,1003.9,
1185,2021-03-31,29.5,24.6,38.2,1.0,,92.0,6.1,,1003.3,
1186,2021-04-01,31.4,25.1,37.7,0.0,,156.0,5.6,,1004.0,
1187,2021-04-02,28.6,25.5,37.4,9.1,,108.0,5.7,,1006.3,
1188,2021-04-03,30.5,24.2,36.0,4.1,,91.0,3.8,,1007.4,
1189,2021-04-04,28.1,23.5,33.0,0.0,,107.0,7.2,,1009.1,
1190,2021-04-05,29.3,23.0,34.5,0.0,,77.0,10.0,,1011.4,
1191,2021-04-06,28.7,22.0,35.3,0.0,,93.0,8.8,,1011.6,
1192,2021-04-07,29.3,25.2,34.8,0.0,,24.0,5.9,,1011.4,
1193,2021-04-08,29.4,25.0,34.8,0.6,,26.0,4.5,,1009.8,
1194,2021-04-09,30.6,24.2,36.2,0.5,,76.0,7.8,,1010.3,
1195,2021-04-10,29.8,24.6,35.0,0.0,,82.0,8.9,,1012.1,
1196,2021-04-11,30.9,24.1,36.9,0.3,,81.0,8.8,,1012.7,
1197,2021-04-12,31.6,23.5,36.7,0.0,,85.0,4.7,,1011.7,
1198,2021-04-13,31.2,25.1,37.0,0.7,,107.0,5.3,,1010.6,
1199,2021-04-14,29.6,25.1,35.8,14.2,,113.0,5.0,,1010.1,
1200,2021-04-15,30.5,24.5,35.9,11.9,,110.0,5.6,,1009.2,
1201,2021-04-16,28.2,24.9,37.5,0.0,,76.0,5.7,,1009.3,
1202,2021-04-17,28.0,24.0,32.2,0.0,,76.0,4.6,,1012.2,
1203,2021-04-18,30.3,23.2,36.0,0.0,,116.0,4.3,,1010.7,
1204,2021-04-19,27.6,24.1,33.2,1.0,,81.0,4.3,,1009.1,
1205,2021-04-20,30.1,24.8,35.0,10.3,,128.0,4.3,,1008.8,
1206,2021-04-21,30.2,26.8,34.5,9.3,,109.0,4.0,,1008.7,
1207,2021-04-22,31.4,26.7,35.9,3.1,,125.0,4.9,,1007.9,
1208,2021-04-23,30.9,27.0,34.5,5.0,,117.0,5.4,,1006.7,
1209,2021-04-24,31.9,28.0,35.8,2.4,,132.0,4.7,,1006.7,
1210,2021-04-25,29.6,25.3,36.9,7.0,,97.0,4.4,,1008.0,
1211,2021-04-26,28.5,24.0,35.5,65.0,,133.0,6.4,,1008.7,
1212,2021-04-27,25.9,22.5,29.2,16.5,,95.0,4.9,,1011.4,
1213,2021-04-28,28.4,24.1,34.7,0.3,,81.0,5.1,,1012.2,
1214,2021-04-29,25.9,23.8,31.9,5.6,,21.0,3.2,,1012.3,
1215,2021-04-30,28.7,23.0,32.5,0.0,,163.0,2.5,,1011.3,
1216,2021-05-01,27.1,23.7,32.7,0.8,,92.0,4.3,,1011.3,
1217,2021-05-02,29.4,24.0,34.4,4.7,,57.0,3.0,,1010.9,
1218,2021-05-03,30.6,25.5,35.4,0.6,,171.0,3.2,,1008.7,
1219,2021-05-04,31.4,25.5,37.0,0.1,,334.0,3.3,,1008.0,
1220,2021-05-05,30.7,24.5,36.2,1.8,,72.0,4.5,,1008.8,
1221,2021-05-06,29.3,24.5,35.7,12.2,,69.0,4.1,,1011.3,
1222,2021-05-07,31.0,25.3,36.0,0.0,,76.0,3.5,,1010.5,
1223,2021-05-08,31.9,26.2,37.1,0.0,,166.0,3.2,,1008.3,
1224,2021-05-09,30.5,26.8,36.4,2.8,,327.0,4.0,,1007.3,
1225,2021-05-10,28.8,25.5,37.5,8.6,,163.0,4.4,,1007.1,
1226,2021-05-11,30.4,25.0,36.6,0.2,,171.0,4.5,,1006.6,
1227,2021-05-12,30.8,26.7,36.1,0.0,,163.0,5.5,,1006.3,
1228,2021-05-13,29.3,25.1,33.7,5.6,,85.0,4.7,,1006.4,
1229,2021-05-14,31.0,26.9,36.6,2.8,,144.0,5.2,,1006.0,
1230,2021-05-15,27.9,24.5,31.6,14.2,,105.0,4.8,,1007.5,
1231,2021-05-16,31.2,25.1,36.0,11.2,,162.0,3.1,,1007.2,
1232,2021-05-17,32.6,27.7,37.6,0.0,,327.0,3.4,,1006.9,
1233,2021-05-18,29.7,26.2,35.4,6.1,,136.0,6.0,,1007.7,
1234,2021-05-19,31.8,26.8,36.0,0.0,,268.0,4.9,,1006.5,
1235,2021-05-20,30.6,27.7,34.6,3.0,,162.0,4.3,,1006.8,
1236,2021-05-21,32.8,28.6,37.8,0.0,,170.0,3.8,,1006.4,
1237,2021-05-22,31.2,28.2,36.0,0.0,,158.0,4.8,,1005.0,
1238,2021-05-23,30.1,25.7,37.6,16.9,,82.0,4.8,,1005.1,
1239,2021-05-24,28.5,25.9,35.2,11.5,,61.0,4.1,,1006.8,
1240,2021-05-25,27.3,24.7,31.6,77.7,,18.0,4.0,,1006.9,
1241,2021-05-26,29.1,25.0,33.6,15.5,,120.0,5.0,,1006.4,
1242,2021-05-27,27.8,24.4,35.1,31.7,,106.0,4.7,,1007.2,
1243,2021-05-28,29.2,24.6,32.2,2.8,,107.0,5.2,,1008.9,
1244,2021-05-29,29.4,26.7,33.8,8.1,,207.0,4.2,,1008.2,
1245,2021-05-30,30.2,26.8,34.5,7.4,,214.0,5.8,,1006.7,
1246,2021-05-31,32.0,26.9,36.9,0.0,,225.0,5.2,,1005.1,
1247,2021-06-01,32.7,28.5,37.2,0.4,,235.0,4.9,,1005.2,
1248,2021-06-02,31.5,27.4,37.4,2.8,,261.0,4.3,,1005.3,
1249,2021-06-03,31.7,27.8,37.0,1.0,,243.0,5.0,,1005.9,
1250,2021-06-04,30.7,26.2,36.2,2.8,,67.0,4.0,,1006.3,
1251,2021-06-05,27.1,23.9,31.5,78.0,,109.0,3.9,,1006.8,
1252,2021-06-06,27.3,25.0,32.0,14.2,,71.0,3.5,,1006.1,
1253,2021-06-07,26.9,24.5,30.1,48.8,,128.0,5.3,,1006.1,
1254,2021-06-08,25.9,23.4,28.9,42.9,,131.0,6.2,,1006.7,
1255,2021-06-09,26.1,23.4,28.8,30.5,,125.0,3.9,,1006.7,
1256,2021-06-10,26.6,23.5,29.0,19.1,,288.0,3.7,,1005.5,
1257,2021-06-11,27.4,23.7,30.9,10.4,,343.0,2.6,,1004.4,
1258,2021-06-12,25.0,23.8,27.7,77.1,,316.0,5.7,,1004.0,
1259,2021-06-13,25.7,23.0,27.6,17.8,,223.0,8.4,,1004.4,
1260,2021-06-14,27.0,23.6,31.1,3.0,,229.0,6.8,,1005.8,
1261,2021-06-15,29.0,24.8,33.0,1.8,,257.0,6.7,,1005.2,
1262,2021-06-16,29.8,25.7,34.6,0.0,,229.0,5.6,,1006.6,
1263,2021-06-17,28.9,25.4,34.3,4.6,,201.0,5.1,,1008.5,
1264,2021-06-18,30.2,25.5,34.3,0.7,,199.0,6.2,,1008.6,
1265,2021-06-19,31.4,26.7,35.9,0.2,,250.0,7.0,,1007.1,
1266,2021-06-20,31.9,27.3,36.2,0.5,,231.0,6.4,,1005.4,
1267,2021-06-21,31.9,27.7,35.7,0.0,,156.0,5.5,,1004.7,
1268,2021-06-22,31.8,28.0,35.5,9.7,,143.0,4.3,,1006.5,
1269,2021-06-23,27.2,25.2,32.2,21.1,,113.0,4.4,,1007.5,
1270,2021-06-24,27.1,25.2,32.7,2.8,,134.0,4.3,,1006.5,
1271,2021-06-25,28.5,25.0,32.5,0.3,,133.0,5.1,,1006.0,
1272,2021-06-26,27.7,24.4,33.5,11.8,,128.0,4.5,,1007.3,
1273,2021-06-27,27.4,25.2,32.2,9.7,,331.0,5.1,,1008.2,
1274,2021-06-28,26.8,24.1,31.5,44.7,,120.0,4.4,,1007.3,
1275,2021-06-29,28.2,23.6,31.6,39.4,,156.0,4.9,,1006.0,
1276,2021-06-30,27.7,24.2,33.2,10.4,,149.0,5.8,,1006.2,
1277,2021-07-01,29.7,24.7,34.6,1.8,,172.0,5.3,,1006.4,
1278,2021-07-02,30.1,24.1,34.0,8.1,,191.0,6.2,,1007.3,
1279,2021-07-03,31.0,26.7,35.0,0.0,,236.0,5.2,,1006.3,
1280,2021-07-04,31.1,26.5,36.4,0.2,,115.0,3.5,,1005.3,
1281,2021-07-05,29.8,26.3,35.5,3.4,,110.0,3.8,,1004.5,
1282,2021-07-06,29.2,23.6,32.5,1.0,,94.0,4.2,,1004.7,
1283,2021-07-07,26.1,23.9,27.5,23.9,,58.0,3.8,,1005.7,
1284,2021-07-08,28.1,23.7,31.1,7.9,,130.0,6.9,,1005.9,
1285,2021-07-09,28.1,23.2,33.0,10.4,,99.0,6.1,,1006.9,
1286,2021-07-10,26.9,24.7,31.9,19.3,,110.0,4.8,,1007.5,
1287,2021-07-11,27.2,23.9,32.2,13.9,,106.0,5.6,,1009.3,
1288,2021-07-12,29.2,24.5,34.5,28.4,,17.0,3.6,,1009.1,
1289,2021-07-13,29.0,24.1,34.6,0.0,,116.0,4.1,,1007.8,
1290,2021-07-14,28.7,24.9,32.6,12.2,,110.0,4.4,,1007.0,
1291,2021-07-15,28.6,23.8,31.8,17.0,,83.0,3.7,,1008.0,
1292,2021-07-16,28.5,24.0,33.0,30.2,,132.0,3.9,,1008.9,
1293,2021-07-17,27.6,24.3,32.2,7.8,,81.0,3.3,,1006.5,
1294,2021-07-18,27.9,24.6,30.3,0.8,,102.0,3.6,,1004.4,
1295,2021-07-19,27.8,23.8,32.0,28.4,,155.0,5.3,,1004.3,
1296,2021-07-20,26.6,24.4,29.6,16.0,,155.0,5.7,,1005.4,
1297,2021-07-21,26.7,24.2,31.3,23.7,,332.0,4.2,,1005.0,
1298,2021-07-22,25.9,23.7,31.2,71.1,,249.0,5.0,,1004.9,
1299,2021-07-23,26.1,23.2,28.6,35.6,,248.0,8.0,,1003.7,
1300,2021-07-24,24.7,24.0,25.4,72.1,,248.0,10.9,,1001.3,
1301,2021-07-25,26.3,23.7,28.4,1.0,,281.0,7.2,,1002.4,
1302,2021-07-26,27.8,24.6,32.0,0.3,,244.0,5.9,,1003.5,
1303,2021-07-27,28.8,25.2,32.0,0.0,,278.0,6.1,,1002.7,
1304,2021-07-28,27.7,25.9,32.5,24.1,,235.0,6.2,,1002.5,
1305,2021-07-29,28.8,25.6,33.0,23.6,,202.0,4.4,,1003.3,
1306,2021-07-30,28.3,25.2,31.4,13.0,,66.0,4.5,,1004.4,
1307,2021-07-31,27.4,25.0,32.6,60.2,,326.0,4.3,,1004.8,
1308,2021-08-01,28.4,24.9,32.6,0.0,,299.0,4.6,,1003.6,
1309,2021-08-02,27.9,24.3,33.0,6.9,,290.0,6.4,,1003.3,
1310,2021-08-03,28.5,24.5,32.7,2.0,,316.0,4.7,,1004.7,
1311,2021-08-04,28.7,25.1,33.1,6.6,,283.0,4.9,,1005.1,
1312,2021-08-05,29.7,25.9,33.3,0.0,,286.0,4.6,,1004.6,
1313,2021-08-06,28.2,25.2,33.5,11.7,,238.0,6.2,,1005.6,
1314,2021-08-07,30.3,24.7,34.5,0.3,,240.0,5.8,,1006.4,
1315,2021-08-08,30.8,26.8,34.3,0.5,,214.0,4.6,,1006.1,
1316,2021-08-09,31.2,27.4,35.4,7.0,,125.0,5.0,,1005.3,
1317,2021-08-10,29.3,27.4,33.4,10.3,,120.0,6.5,,1004.7,
1318,2021-08-11,27.4,24.9,30.7,12.4,,135.0,6.6,,1007.3,
1319,2021-08-12,26.6,23.7,30.7,27.7,,148.0,4.9,,1009.6,
1320,2021-08-13,26.6,23.5,31.0,66.0,,68.0,2.6,,1008.0,
1321,2021-08-14,27.4,23.6,32.5,14.5,,158.0,5.0,,1006.3,
1322,2021-08-15,26.1,23.5,30.6,30.5,,150.0,5.8,,1008.9,
1323,2021-08-16,28.3,23.4,32.5,0.0,,225.0,5.5,,1012.1,
1324,2021-08-17,29.6,25.5,34.0,0.0,,317.0,3.9,,1010.6,
1325,2021-08-18,30.6,25.0,35.1,2.1,,311.0,4.1,,1008.3,
1326,2021-08-19,29.3,24.8,34.4,11.9,,126.0,4.0,,1007.8,
1327,2021-08-20,30.0,25.1,34.7,3.8,,4.0,2.9,,1008.9,
1328,2021-08-21,30.6,26.4,35.0,3.2,,158.0,4.8,,1008.8,
1329,2021-08-22,30.5,26.6,34.7,2.0,,114.0,4.8,,1007.5,
1330,2021-08-23,27.8,23.5,32.4,35.3,,140.0,4.8,,1006.7,
1331,2021-08-24,28.6,25.2,32.6,3.8,,153.0,3.9,,1006.0,
1332,2021-08-25,29.4,25.7,33.5,1.3,,114.0,5.9,,1006.2,
1333,2021-08-26,27.0,23.8,31.8,24.3,,102.0,6.3,,1007.5,
1334,2021-08-27,27.8,23.2,32.8,31.2,,116.0,5.3,,1008.3,
1335,2021-08-28,27.2,24.4,30.5,10.4,,105.0,5.0,,1008.5,
1336,2021-08-29,28.3,24.4,33.5,5.8,,56.0,3.4,,1008.4,
1337,2021-08-30,28.9,24.0,33.1,0.3,,70.0,4.3,,1009.1,
1338,2021-08-31,28.6,25.4,32.3,0.0,,87.0,2.7,,1009.4,
1339,2021-09-01,27.3,24.1,33.2,14.2,,34.0,3.1,,1008.9,
1340,2021-09-02,27.7,24.0,33.6,12.7,,347.0,3.0,,1008.4,
1341,2021-09-03,27.6,24.1,31.9,0.5,,116.0,4.3,,1007.4,
1342,2021-09-04,25.5,23.6,32.0,13.5,,121.0,4.8,,1007.5,
1343,2021-09-05,26.2,24.0,29.0,17.8,,108.0,5.2,,1008.8,
1344,2021-09-06,27.3,24.5,31.9,6.9,,59.0,2.6,,1009.5,
1345,2021-09-07,27.8,24.5,30.5,0.0,,19.0,2.2,,1008.6,
1346,2021-09-08,25.0,24.0,25.5,40.1,,83.0,5.7,,1006.2,
1347,2021-09-09,26.2,24.5,30.1,18.3,,96.0,5.3,,1007.9,
1348,2021-09-10,28.9,23.6,32.8,0.0,,48.0,3.2,,1008.2,
1349,2021-09-11,28.2,25.2,31.0,0.3,,331.0,4.4,,1006.6,
1350,2021-09-12,28.2,25.0,33.7,0.8,,298.0,5.5,,1003.3,
1351,2021-09-13,26.6,24.8,29.5,24.1,,307.0,3.5,,1005.3,
1352,2021-09-14,27.2,24.4,29.4,22.6,,52.0,4.9,,1007.8,
1353,2021-09-15,27.8,24.4,32.1,7.6,,94.0,3.5,,1009.7,
1354,2021-09-16,28.6,24.2,32.0,0.5,,123.0,3.7,,1010.3,
1355,2021-09-17,26.5,23.8,29.4,5.6,,92.0,3.6,,1010.1,
1356,2021-09-18,29.7,23.6,34.0,0.0,,351.0,2.2,,1009.4,
1357,2021-09-19,29.4,25.2,34.7,1.3,,35.0,3.1,,1008.7,
1358,2021-09-20,27.7,24.1,31.8,8.4,,63.0,4.7,,1008.2,
1359,2021-09-21,27.3,24.4,33.1,6.4,,104.0,4.6,,1008.1,
1360,2021-09-22,27.1,24.8,32.0,9.9,,123.0,5.2,,1008.4,
1361,2021-09-23,27.6,24.8,33.4,7.6,,106.0,4.4,,1009.2,
1362,2021-09-24,25.8,24.6,29.1,14.2,,353.0,10.2,,1006.4,
1363,2021-09-25,26.4,24.6,29.8,2.8,,110.0,10.7,,1007.9,
1364,2021-09-26,26.6,23.9,32.1,42.4,,96.0,5.5,,1009.4,
1365,2021-09-27,27.8,23.8,33.9,0.0,,56.0,4.0,,1009.7,
1366,2021-09-28,29.2,24.2,34.0,0.0,,13.0,1.8,,1009.5,
1367,2021-09-29,29.7,24.9,34.0,0.2,,45.0,2.4,,1008.5,
1368,2021-09-30,29.1,25.5,33.1,0.0,,70.0,3.0,,1008.5,
1369,2021-10-01,29.9,26.5,33.7,1.9,,54.0,3.6,,1009.0,
1370,2021-10-02,28.9,25.4,34.6,2.8,,99.0,4.2,,1009.3,
1371,2021-10-03,28.1,24.2,33.6,1.7,,113.0,3.6,,1009.3,
1372,2021-10-04,29.2,23.3,33.5,0.0,,53.0,4.2,,1009.3,
1373,2021-10-05,28.6,24.2,34.2,6.4,,46.0,4.7,,1008.3,
1374,2021-10-06,27.0,23.7,31.9,2.5,,23.0,4.2,,1006.2,
1375,2021-10-07,28.4,23.8,33.2,0.0,,351.0,6.0,,1004.4,
1376,2021-10-08,29.5,25.2,33.0,0.0,,349.0,5.4,,1003.6,
1377,2021-10-09,29.8,26.0,33.9,4.6,,322.0,4.5,,1004.5,
1378,2021-10-10,25.8,23.6,29.8,12.6,,58.0,4.5,,1004.1,
1379,2021-10-11,25.5,24.0,28.0,14.0,,72.0,4.4,,1005.3,
1380,2021-10-12,25.9,21.7,32.2,1.0,,4.0,5.3,,1005.9,
1381,2021-10-13,25.2,22.0,29.5,31.2,,343.0,4.7,,1004.5,
1382,2021-10-14,24.3,22.1,26.4,17.5,,94.0,3.3,,1004.3,
1383,2021-10-15,26.2,22.5,29.5,2.3,,83.0,3.9,,1007.2,
1384,2021-10-16,25.5,23.9,28.0,1.8,,18.0,6.2,,1010.4,
1385,2021-10-17,21.3,19.3,24.3,11.2,,344.0,6.8,,1011.7,
1386,2021-10-18,25.6,21.0,31.0,0.3,,11.0,4.6,,1012.6,
1387,2021-10-19,27.5,22.2,32.4,0.0,,60.0,4.6,,1014.4,
1388,2021-10-20,28.6,22.7,34.4,0.0,,31.0,3.2,,1013.6,
1389,2021-10-21,28.4,24.5,33.6,6.7,,113.0,3.9,,1012.1,
1390,2021-10-22,25.9,20.6,31.4,0.0,,43.0,6.0,,1014.9,
1391,2021-10-23,24.2,18.6,29.8,0.0,,42.0,6.2,,1016.4,
1392,2021-10-24,24.7,19.6,30.7,0.0,,19.0,4.0,,1015.6,
1393,2021-10-25,24.8,19.1,31.1,0.0,,56.0,5.7,,1014.1,
1394,2021-10-26,25.6,19.5,31.4,0.0,,62.0,5.0,,1012.9,
1395,2021-10-27,26.4,20.2,32.2,5.8,,344.0,6.0,,1012.3,
1396,2021-10-28,27.1,22.5,31.0,0.0,,30.0,5.8,,1012.4,
1397,2021-10-29,28.2,23.5,33.4,0.0,,48.0,4.1,,1014.0,
1398,2021-10-30,27.1,22.8,33.5,1.5,,50.0,4.4,,1014.1,
1399,2021-10-31,27.8,23.1,32.9,0.0,,46.0,3.7,,1014.1,
1400,2021-11-01,28.0,23.3,33.2,0.0,,64.0,5.9,,1013.7,
1401,2021-11-02,28.3,22.3,33.3,0.0,,76.0,6.8,,1013.8,
1402,2021-11-03,27.8,22.2,33.7,0.0,,78.0,5.6,,1013.0,
1403,2021-11-04,27.3,21.9,32.5,0.0,,71.0,3.1,,1011.9,
1404,2021-11-05,28.1,22.7,33.9,0.0,,23.0,3.4,,1010.0,
1405,2021-11-06,28.6,23.2,33.3,0.0,,98.0,3.7,,1008.0,
1406,2021-11-07,28.6,23.5,34.8,0.0,,85.0,4.6,,1008.9,
1407,2021-11-08,24.4,19.9,30.5,0.0,,66.0,7.9,,1013.0,
1408,2021-11-09,23.8,18.7,29.0,0.0,,53.0,7.3,,1015.4,
1409,2021-11-10,22.8,18.0,28.0,0.0,,50.0,6.8,,1015.5,
1410,2021-11-11,24.8,17.0,29.7,0.0,,71.0,5.7,,1013.9,
1411,2021-11-12,24.6,19.1,30.5,0.0,,35.0,6.1,,1014.6,
1412,2021-11-13,24.0,19.3,29.1,0.0,,43.0,7.5,,1014.7,
1413,2021-11-14,24.4,19.3,30.0,0.0,,73.0,6.0,,1014.3,
1414,2021-11-15,25.7,19.6,31.2,0.3,,82.0,5.3,,1012.4,
1415,2021-11-16,26.2,21.0,30.9,0.0,,60.0,7.3,,1012.2,
1416,2021-11-17,27.4,20.9,32.5,0.7,,57.0,5.1,,1012.7,
1417,2021-11-18,25.0,20.6,29.8,0.0,,51.0,5.9,,1012.0,
1418,2021-11-19,26.1,19.5,32.1,0.0,,65.0,4.0,,1009.6,
1419,2021-11-20,27.6,21.8,33.0,0.0,,122.0,4.1,,1008.5,
1420,2021-11-21,28.0,22.2,34.0,0.0,,93.0,4.8,,1009.9,
1421,2021-11-22,27.0,22.0,33.0,0.0,,68.0,9.1,,1012.5,
1422,2021-11-23,22.9,18.6,28.4,0.0,,58.0,8.8,,1015.1,
1423,2021-11-24,21.9,17.1,28.1,0.0,,23.0,6.4,,1016.2,
1424,2021-11-25,22.6,16.5,28.7,0.0,,67.0,5.6,,1015.6,
1425,2021-11-26,21.4,16.7,27.8,0.0,,74.0,6.0,,1015.5,
1426,2021-11-27,22.3,15.8,28.4,0.0,,57.0,6.7,,1016.0,
1427,2021-11-28,22.9,16.5,29.5,0.0,,34.0,5.8,,1015.1,
1428,2021-11-29,22.6,16.9,30.4,0.0,,28.0,6.5,,1014.3,
1429,2021-11-30,23.1,17.5,28.0,0.0,,36.0,8.0,,1015.4,
1430,2021-12-01,21.2,16.3,27.6,0.0,,57.0,8.3,,1017.1,
1431,2021-12-02,20.4,13.5,26.5,0.0,,57.0,7.0,,1018.1,
1432,2021-12-03,19.3,12.2,26.1,0.0,,46.0,7.9,,1019.3,
1433,2021-12-04,19.3,11.7,26.7,0.0,,50.0,8.6,,1019.0,
1434,2021-12-05,19.9,11.9,28.0,0.0,,40.0,6.2,,1018.1,
1435,2021-12-06,19.9,13.1,28.2,0.0,,41.0,6.3,,1017.4,
1436,2021-12-07,20.3,11.8,27.5,0.0,,58.0,6.5,,1017.5,
1437,2021-12-08,22.2,14.0,29.2,0.0,,42.0,5.3,,1017.5,
1438,2021-12-09,24.1,17.3,29.7,0.0,,29.0,8.0,,1017.8,
1439,2021-12-10,23.0,17.2,29.4,0.0,,50.0,7.1,,1016.9,
1440,2021-12-11,22.9,16.0,29.6,0.0,,76.0,7.7,,1016.9,
1441,2021-12-12,23.7,16.3,29.4,0.0,,32.0,8.3,,1017.4,
1442,2021-12-13,21.7,17.3,27.6,0.0,,55.0,8.7,,1017.5,
1443,2021-12-14,22.1,15.1,29.7,0.0,,44.0,5.6,,1015.2,
1444,2021-12-15,24.2,16.7,30.0,0.0,,0.0,4.1,,1013.0,
1445,2021-12-16,25.5,18.2,31.5,0.0,,72.0,5.1,,1012.7,
1446,2021-12-17,25.1,19.5,29.8,0.0,,52.0,9.6,,1014.8,
1447,2021-12-18,22.7,17.7,28.0,0.0,,51.0,9.3,,1016.5,
1448,2021-12-19,20.4,17.0,24.9,0.0,,39.0,7.8,,1016.9,
1449,2021-12-20,20.8,15.9,27.0,0.0,,350.0,3.8,,1014.8,
1450,2021-12-21,23.3,15.0,28.5,0.0,,81.0,5.2,,1014.6,
1451,2021-12-22,23.4,16.5,29.2,0.0,,101.0,5.6,,1014.3,
1452,2021-12-23,23.7,16.8,30.0,0.0,,77.0,5.3,,1013.5,
1453,2021-12-24,24.6,17.1,31.0,0.0,,49.0,4.7,,1013.3,
1454,2021-12-25,24.7,18.9,29.5,0.0,,56.0,6.3,,1015.0,
1455,2021-12-26,24.2,20.1,29.8,0.0,,55.0,7.4,,1017.1,
1456,2021-12-27,21.7,17.0,27.7,0.0,,59.0,8.7,,1019.0,
1457,2021-12-28,21.1,14.2,28.8,0.0,,60.0,4.7,,1018.8,
1458,2021-12-29,22.7,15.5,30.2,0.0,,68.0,6.2,,1018.3,
1459,2021-12-30,22.1,15.9,28.3,0.0,,49.0,6.6,,1019.6,
1460,2021-12-31,21.8,15.4,27.0,0.0,,51.0,6.9,,1019.9,
1461,2022-01-01,22.4,15.7,28.5,0.0,,50.0,8.4,,1019.1,
1462,2022-01-02,21.9,15.7,28.1,0.0,,41.0,7.2,,1018.5,
1463,2022-01-03,22.5,15.0,29.5,0.0,,68.0,7.5,,1016.6,
1464,2022-01-04,22.5,17.2,28.9,0.0,,60.0,5.9,,1015.7,
1465,2022-01-05,23.6,15.6,31.2,0.0,,53.0,4.1,,1014.3,
1466,2022-01-06,24.7,16.5,31.1,0.0,,81.0,7.6,,1014.5,
1467,2022-01-07,23.9,18.6,30.9,0.0,,83.0,8.5,,1016.0,
1468,2022-01-08,24.2,17.0,30.7,0.0,,57.0,6.6,,1015.4,
1469,2022-01-09,24.4,17.7,31.9,0.0,,73.0,6.3,,1013.9,
1470,2022-01-10,24.8,17.6,31.6,0.0,,63.0,4.3,,1013.8,
1471,2022-01-11,23.1,17.1,29.5,0.0,,77.0,10.0,,1015.6,
1472,2022-01-12,23.2,15.0,30.6,0.0,,104.0,5.4,,1016.1,
1473,2022-01-13,23.9,16.9,30.2,0.0,,82.0,9.5,,1016.2,
1474,2022-01-14,23.7,16.1,30.8,0.0,,70.0,5.2,,1015.4,
1475,2022-01-15,24.1,17.4,31.2,0.0,,90.0,6.4,,1014.5,
1476,2022-01-16,26.0,19.0,31.0,0.0,,85.0,6.1,,1014.6,
1477,2022-01-17,24.3,18.7,31.3,0.0,,80.0,9.3,,1015.2,
1478,2022-01-18,21.9,17.1,28.4,0.0,,77.0,7.6,,1016.6,
1479,2022-01-19,20.8,14.8,29.0,0.0,,86.0,6.3,,1015.4,
1480,2022-01-20,23.6,14.8,29.3,0.1,,87.0,6.5,,1013.3,
1481,2022-01-21,21.9,18.4,25.4,0.2,,75.0,5.3,,1012.9,
1482,2022-01-22,23.6,18.6,28.6,0.3,,340.0,3.6,,1010.9,
1483,2022-01-23,23.2,20.0,29.3,1.6,,12.0,3.4,,1010.7,
1484,2022-01-24,24.4,18.5,31.7,2.8,,15.0,3.7,,1010.8,
1485,2022-01-25,26.1,19.2,32.8,0.0,,95.0,5.2,,1011.1,
1486,2022-01-26,25.3,17.9,32.5,0.0,,85.0,4.7,,1011.5,
1487,2022-01-27,26.2,19.0,34.8,0.0,,83.0,5.5,,1011.5,
1488,2022-01-28,25.9,18.4,32.9,0.0,,101.0,5.3,,1011.4,
1489,2022-01-29,26.9,19.1,33.1,0.0,,43.0,5.5,,1009.4,
1490,2022-01-30,24.5,19.6,30.0,0.0,,91.0,9.4,,1010.5,
1491,2022-01-31,22.2,17.8,28.0,0.4,,98.0,8.4,,1011.9,
1492,2022-02-01,20.8,18.1,24.0,1.0,,100.0,7.3,,1013.5,
1493,2022-02-02,22.9,17.7,28.4,0.0,,92.0,7.2,,1014.0,
1494,2022-02-03,20.4,16.4,26.5,1.0,,101.0,7.4,,1014.6,
1495,2022-02-04,21.5,17.2,27.4,0.0,,74.0,9.5,,1016.1,
1496,2022-02-05,20.0,15.0,26.6,0.0,,77.0,7.3,,1016.5,
1497,2022-02-06,23.4,15.5,30.5,0.0,,87.0,6.8,,1015.1,
1498,2022-02-07,26.2,17.7,31.5,0.0,,94.0,3.3,,1012.5,
1499,2022-02-08,27.2,20.1,33.6,0.0,,91.0,5.4,,1011.7,
1500,2022-02-09,25.6,20.2,33.6,0.0,,89.0,9.0,,1012.6,
1501,2022-02-10,26.8,19.5,34.0,0.0,,89.0,4.7,,1011.9,
1502,2022-02-11,26.7,20.1,33.6,0.0,,96.0,8.2,,1010.9,
1503,2022-02-12,27.3,22.2,33.4,1.1,,70.0,6.3,,1010.4,
1504,2022-02-13,26.7,22.5,31.3,2.5,,82.0,6.9,,1009.0,
1505,2022-02-14,22.2,18.4,29.1,0.4,,76.0,7.9,,1012.4,
1506,2022-02-15,25.5,16.6,30.5,0.0,,86.0,5.3,,1012.2,
1507,2022-02-16,22.0,18.9,25.4,0.3,,52.0,3.4,,1010.5,
1508,2022-02-17,24.5,21.3,28.0,1.5,,346.0,2.4,,1009.0,
1509,2022-02-18,28.1,22.4,33.2,0.0,,37.0,3.4,,1009.2,
1510,2022-02-19,24.1,17.3,32.2,36.0,,75.0,5.7,,1010.6,
1511,2022-02-20,16.4,13.4,18.6,4.8,,91.0,8.9,,1013.8,
1512,2022-02-21,17.9,13.0,21.5,5.8,,74.0,5.0,,1016.5,
1513,2022-02-22,19.6,15.3,25.3,0.0,,83.0,7.7,,1017.7,
1514,2022-02-23,18.2,11.9,25.6,0.0,,74.0,8.9,,1020.2,
1515,2022-02-24,19.3,12.8,26.1,0.0,,67.0,9.6,,1020.9,
1516,2022-02-25,20.9,12.9,27.2,0.0,,75.0,9.0,,1019.6,
1517,2022-02-26,23.3,16.7,30.5,0.0,,84.0,8.6,,1017.8,
1518,2022-02-27,21.5,13.7,31.0,0.0,,89.0,7.4,,1016.2,
1519,2022-02-28,24.7,16.0,33.0,0.0,,75.0,4.7,,1013.8,
1520,2022-03-01,26.9,18.0,35.0,0.0,,91.0,5.8,,1012.6,
1521,2022-03-02,26.8,22.2,33.6,0.0,,93.0,10.5,,1013.4,
1522,2022-03-03,27.2,21.4,33.8,0.0,,88.0,6.4,,1012.1,
1523,2022-03-04,28.2,20.4,34.6,0.0,,113.0,4.5,,1010.3,
1524,2022-03-05,29.6,21.9,35.9,0.0,,122.0,6.1,,1008.7,
1525,2022-03-06,29.8,24.1,36.0,0.1,,82.0,5.1,,1009.2,
1526,2022-03-07,24.9,20.4,29.4,14.5,,75.0,6.5,,1012.7,
1527,2022-03-08,23.3,19.1,29.9,0.0,,67.0,6.5,,1013.2,
1528,2022-03-09,25.7,18.1,32.5,0.0,,97.0,4.8,,1011.1,
1529,2022-03-10,26.3,19.7,32.7,0.0,,88.0,8.6,,1010.2,
1530,2022-03-11,26.7,20.0,32.5,0.0,,93.0,8.5,,1009.4,
1531,2022-03-12,28.6,21.5,35.5,0.0,,119.0,6.0,,1008.2,
1532,2022-03-13,29.5,22.6,35.9,0.0,,122.0,6.2,,1008.0,
1533,2022-03-14,30.0,23.6,36.5,0.0,,99.0,6.2,,1007.9,
1534,2022-03-15,29.2,25.1,35.6,0.1,,113.0,7.2,,1006.9,
1535,2022-03-16,27.1,23.5,32.0,0.6,,116.0,4.3,,1007.5,
1536,2022-03-17,28.5,23.0,34.1,0.0,,4.0,4.3,,1007.5,
1537,2022-03-18,26.4,23.0,34.1,19.3,,34.0,5.4,,1008.2,
1538,2022-03-19,28.2,22.0,33.4,0.0,,104.0,4.1,,1007.1,
1539,2022-03-20,29.2,23.8,33.6,0.0,,131.0,5.1,,1007.6,
1540,2022-03-21,27.8,24.8,34.5,17.8,,117.0,5.0,,1009.5,
1541,2022-03-22,28.2,24.5,34.8,0.0,,131.0,5.1,,1010.0,
1542,2022-03-23,25.4,23.3,32.4,20.8,,72.0,4.6,,1010.7,
1543,2022-03-24,26.6,22.6,32.4,0.8,,96.0,4.9,,1009.7,
1544,2022-03-25,26.2,23.9,32.5,7.6,,125.0,4.8,,1009.7,
1545,2022-03-26,28.4,24.1,34.5,0.3,,113.0,4.6,,1010.4,
1546,2022-03-27,29.5,24.4,35.9,0.0,,73.0,5.0,,1010.2,
1547,2022-03-28,24.3,20.7,31.0,17.0,,79.0,7.4,,1012.6,
1548,2022-03-29,26.6,21.1,31.5,0.2,,115.0,4.8,,1011.7,
1549,2022-03-30,29.4,22.4,34.5,0.0,,53.0,4.2,,1010.7,
1550,2022-03-31,29.7,25.2,34.5,1.5,,48.0,6.9,,1010.9,
1551,2022-04-01,23.7,18.0,29.4,10.0,,11.0,7.0,,1013.1,
1552,2022-04-02,19.6,17.6,20.7,3.8,,19.0,6.6,,1018.0,
1553,2022-04-03,22.2,16.9,27.0,0.0,,51.0,9.1,,1017.6,
1554,2022-04-04,23.7,17.5,30.4,0.7,,54.0,6.7,,1017.1,
1555,2022-04-05,26.4,18.7,32.3,0.0,,77.0,8.7,,1016.0,
1556,2022-04-06,27.4,21.2,33.5,0.0,,66.0,8.4,,1014.9,
1557,2022-04-07,26.3,20.1,32.5,0.0,,66.0,8.4,,1013.9,
1558,2022-04-08,27.1,19.5,33.2,0.0,,76.0,7.5,,1012.9,
1559,2022-04-09,26.9,19.5,34.5,0.0,,76.0,7.6,,1010.6,
1560,2022-04-10,26.9,20.2,33.5,0.0,,140.0,4.0,,1009.1,
1561,2022-04-11,29.0,20.1,35.7,0.0,,142.0,5.6,,1007.9,
1562,2022-04-12,27.7,22.0,34.5,0.6,,147.0,5.7,,1006.9,
1563,2022-04-13,28.8,23.8,33.7,11.9,,96.0,4.4,,1005.9,
1564,2022-04-14,29.6,25.4,35.2,0.0,,95.0,4.7,,1006.2,
1565,2022-04-15,29.9,25.1,36.4,0.4,,112.0,6.1,,1006.7,
1566,2022-04-16,28.7,24.9,33.5,0.7,,118.0,6.3,,1007.3,
1567,2022-04-17,28.1,25.1,33.5,1.5,,31.0,4.1,,1009.6,
1568,2022-04-18,27.4,21.8,31.9,0.3,,85.0,9.0,,1011.9,
1569,2022-04-19,25.9,19.9,33.1,0.0,,78.0,7.3,,1013.2,
1570,2022-04-20,28.4,20.8,33.7,0.4,,97.0,6.5,,1011.6,
1571,2022-04-21,29.1,21.9,34.1,2.2,,94.0,5.6,,1010.0,
1572,2022-04-22,25.8,22.5,32.7,57.7,,121.0,4.4,,1010.0,
1573,2022-04-23,29.9,23.8,34.5,20.3,,150.0,4.4,,1008.3,
1574,2022-04-24,30.9,26.8,36.0,0.0,,145.0,5.3,,1006.5,
1575,2022-04-25,29.0,26.4,33.5,0.0,,138.0,4.9,,1006.3,
1576,2022-04-26,30.5,27.5,36.1,0.0,,142.0,5.0,,1006.1,
1577,2022-04-27,31.8,27.5,37.0,0.5,,101.0,5.0,,1006.5,
1578,2022-04-28,31.7,25.1,38.0,0.0,,124.0,4.5,,1006.3,
1579,2022-04-29,30.5,24.2,34.1,0.0,,74.0,4.6,,1007.5,
1580,2022-04-30,30.0,24.9,35.4,0.0,,95.0,5.4,,1007.5,
1581,2022-05-01,25.7,21.6,33.5,12.7,,31.0,4.6,,1007.9,
1582,2022-05-02,20.2,18.6,22.2,20.6,,4.0,3.2,,1011.9,
1583,2022-05-03,23.5,18.8,27.8,0.3,,83.0,5.9,,1013.4,
1584,2022-05-04,25.2,17.0,31.5,2.0,,103.0,4.4,,1012.1,
1585,2022-05-05,29.2,21.8,35.0,0.0,,69.0,5.1,,1009.3,
1586,2022-05-06,29.2,24.1,34.5,0.0,,100.0,5.7,,1009.0,
1587,2022-05-07,28.1,23.3,33.8,1.5,,87.0,5.5,,1009.0,
1588,2022-05-08,27.8,24.3,32.1,2.0,,28.0,3.4,,1009.2,
1589,2022-05-09,29.5,25.6,35.0,0.0,,130.0,5.5,,1009.0,
1590,2022-05-10,27.0,24.6,30.0,23.1,,134.0,4.6,,1008.6,
1591,2022-05-11,27.2,25.1,31.1,22.9,,317.0,4.3,,1008.0,
1592,2022-05-12,26.4,25.5,30.0,11.2,,126.0,4.2,,1006.9,
1593,2022-05-13,27.8,23.7,33.5,40.6,,197.0,4.7,,1006.1,
1594,2022-05-14,26.7,25.0,31.5,8.4,,94.0,4.3,,1007.7,
1595,2022-05-15,27.8,24.5,33.6,12.7,,119.0,3.6,,1008.4,
1596,2022-05-16,25.6,23.8,28.9,12.4,,69.0,4.8,,1009.9,
1597,2022-05-17,26.3,22.0,31.0,0.0,,99.0,4.9,,1010.7,
1598,2022-05-18,28.0,21.4,33.1,1.0,,120.0,4.9,,1010.6,
1599,2022-05-19,28.5,23.4,33.8,18.8,,119.0,6.2,,1009.9,
1600,2022-05-20,28.4,23.5,32.3,0.3,,125.0,5.9,,1008.0,
1601,2022-05-21,28.3,24.4,32.8,1.8,,128.0,7.9,,1005.0,
1602,2022-05-22,26.9,25.0,31.0,11.4,,147.0,9.2,,1002.6,
1603,2022-05-23,26.7,23.1,30.1,3.8,,161.0,6.1,,1003.3,
1604,2022-05-24,26.8,23.5,30.6,17.3,,131.0,5.7,,1007.1,
1605,2022-05-25,27.8,25.2,33.0,15.5,,139.0,4.4,,1007.0,
1606,2022-05-26,28.6,25.7,32.7,7.1,,,,,,
1607,2022-05-27,27.4,,33.6,39.6,,,,,,
1608,2022-05-28,27.5,24.9,31.5,1.0,,107.0,5.7,,1003.4,
1609,2022-05-29,27.1,23.7,31.8,12.4,,184.0,5.7,,1004.4,
1610,2022-05-30,29.4,24.5,34.1,1.3,,140.0,5.8,,1004.8,
1611,2022-05-31,27.7,23.9,33.0,0.0,,106.0,5.0,,1005.5,
1612,2022-06-01,28.3,25.0,33.7,0.0,,148.0,3.8,,1006.2,
1613,2022-06-02,27.7,24.0,34.1,4.3,,138.0,5.5,,1005.9,
1614,2022-06-03,25.9,24.2,30.9,35.3,,122.0,6.1,,1006.8,
1615,2022-06-04,26.3,23.9,30.6,11.4,,184.0,5.6,,1007.6,
1616,2022-06-05,28.3,23.5,32.9,6.6,,193.0,5.0,,1006.6,
1617,2022-06-06,28.0,23.9,33.5,9.1,,178.0,5.2,,1005.4,
1618,2022-06-07,27.2,23.4,31.2,13.2,,58.0,4.9,,1005.8,
1619,2022-06-08,27.4,23.8,29.8,24.4,,52.0,4.0,,1006.6,
1620,2022-06-09,30.4,25.7,35.0,0.0,,202.0,5.4,,1006.0,
1621,2022-06-10,29.4,24.5,34.0,0.8,,278.0,4.5,,1005.8,
1622,2022-06-11,28.4,25.1,31.9,11.2,,348.0,4.3,,1007.1,
1623,2022-06-12,28.6,26.4,32.5,2.0,,125.0,4.6,,1007.4,
1624,2022-06-13,28.7,23.4,33.7,1.5,,111.0,4.1,,1007.0,
1625,2022-06-14,29.3,24.1,34.1,17.3,,90.0,4.6,,1007.4,
1626,2022-06-15,25.7,23.0,28.7,67.1,,84.0,4.4,,1009.2,
1627,2022-06-16,28.4,25.0,33.0,9.1,,359.0,3.8,,1009.2,
1628,2022-06-17,29.4,24.4,34.8,0.3,,189.0,5.2,,1008.0,
1629,2022-06-18,29.7,24.0,33.9,14.5,,144.0,6.1,,1007.2,
1630,2022-06-19,30.0,25.0,35.0,0.0,,195.0,5.6,,1005.9,
1631,2022-06-20,29.6,25.9,35.0,0.3,,136.0,6.0,,1004.1,
1632,2022-06-21,30.6,26.9,34.5,3.3,,177.0,6.4,,1003.8,
1633,2022-06-22,29.7,24.6,33.7,5.4,,143.0,5.4,,1007.2,
1634,2022-06-23,29.3,23.7,34.5,5.8,,115.0,4.9,,1008.6,
1635,2022-06-24,28.9,23.5,35.3,17.8,,65.0,4.0,,1007.3,
1636,2022-06-25,28.9,24.5,32.7,17.5,,141.0,3.2,,1006.6,
1637,2022-06-26,28.5,23.3,32.5,0.0,,110.0,3.7,,1008.3,
1638,2022-06-27,29.8,26.0,35.0,0.0,,290.0,4.4,,1007.7,
1639,2022-06-28,29.4,26.3,34.5,10.2,,240.0,4.4,,1005.4,
1640,2022-06-29,30.9,26.3,35.6,5.0,,111.0,5.1,,1002.6,
1641,2022-06-30,28.9,24.8,33.0,0.8,,52.0,4.4,,1001.9,
1642,2022-07-01,27.5,24.2,31.7,18.8,,276.0,4.3,,1002.3,
1643,2022-07-02,27.4,24.5,30.1,56.1,,292.0,3.8,,1002.0,
1644,2022-07-03,28.0,25.4,32.8,9.4,,89.0,3.7,,1003.2,
1645,2022-07-04,28.6,24.0,31.9,1.8,,133.0,4.0,,1003.4,
1646,2022-07-05,29.7,26.1,33.4,1.5,,154.0,4.9,,1004.8,
1647,2022-07-06,28.1,23.9,32.5,0.5,,152.0,6.0,,1005.6,
1648,2022-07-07,25.5,24.0,29.7,56.9,,313.0,4.0,,1006.2,
1649,2022-07-08,27.1,24.4,31.0,3.6,,151.0,4.3,,1005.8,
1650,2022-07-09,27.5,24.2,30.3,1.8,,153.0,4.4,,1004.8,
1651,2022-07-10,27.1,25.0,33.5,16.3,,94.0,3.2,,1004.8,
1652,2022-07-11,27.4,25.1,30.2,23.1,,346.0,3.6,,1004.7,
1653,2022-07-12,27.2,23.6,31.2,45.2,,87.0,4.4,,1003.7,
1654,2022-07-13,28.6,25.0,35.5,5.6,,90.0,4.9,,1002.9,
1655,2022-07-14,27.3,25.1,31.5,13.2,,82.0,5.1,,1003.4,
1656,2022-07-15,28.3,25.3,31.7,1.5,,124.0,5.7,,1005.2,
1657,2022-07-16,29.4,25.4,33.5,0.0,,162.0,4.6,,1006.2,
1658,2022-07-17,29.6,25.4,32.7,9.2,,156.0,5.3,,1006.6,
1659,2022-07-18,30.5,24.2,34.7,9.4,,165.0,5.3,,1005.1,
1660,2022-07-19,29.3,24.3,34.5,1.0,,138.0,5.0,,1004.4,
1661,2022-07-20,29.3,24.1,33.4,0.0,,99.0,4.9,,1005.4,
1662,2022-07-21,25.8,23.9,29.3,25.1,,127.0,7.4,,1007.9,
1663,2022-07-22,27.9,23.8,32.0,8.4,,83.0,5.7,,1010.1,
1664,2022-07-23,29.4,25.4,33.9,0.0,,157.0,3.2,,1009.5,
1665,2022-07-24,30.1,26.0,34.5,0.0,,304.0,2.6,,1007.6,
1666,2022-07-25,31.3,27.2,35.2,0.0,,311.0,2.1,,1007.7,
1667,2022-07-26,31.0,25.6,36.4,3.9,,218.0,4.2,,1007.5,
1668,2022-07-27,30.1,26.4,34.5,3.6,,172.0,3.8,,1007.3,
1669,2022-07-28,30.1,24.8,36.3,3.0,,308.0,3.7,,1007.0,
1670,2022-07-29,30.4,25.2,35.1,2.3,,145.0,3.9,,1006.1,
1671,2022-07-30,28.8,24.3,34.9,2.8,,129.0,5.2,,1005.8,
1672,2022-07-31,28.0,23.8,32.2,2.5,,123.0,3.6,,1004.9,
1673,2022-08-01,28.6,25.4,33.1,9.0,,140.0,3.9,,1005.5,
1674,2022-08-02,29.2,24.8,33.6,3.6,,126.0,5.2,,1007.0,
1675,2022-08-03,28.8,26.0,34.2,14.5,,354.0,3.3,,1008.1,
1676,2022-08-04,28.3,24.9,33.0,64.8,,88.0,5.0,,1007.0,
1677,2022-08-05,25.7,24.2,28.5,59.4,,148.0,3.3,,1005.9,
1678,2022-08-06,26.6,24.6,29.9,23.1,,355.0,3.2,,1005.5,
1679,2022-08-07,26.1,24.4,28.4,4.6,,101.0,3.4,,1005.5,
1680,2022-08-08,26.9,23.3,30.5,6.4,,319.0,3.5,,1005.5,
1681,2022-08-09,27.4,24.3,32.2,3.8,,310.0,4.3,,1004.3,
1682,2022-08-10,28.6,24.5,32.1,2.0,,295.0,4.5,,1003.5,
1683,2022-08-11,26.9,23.1,31.3,174.2,,160.0,5.7,,1003.9,
1684,2022-08-12,26.8,23.5,30.5,57.2,,121.0,5.5,,1006.8,
1685,2022-08-13,27.6,24.9,31.2,2.3,,97.0,4.5,,1008.0,
1686,2022-08-14,27.3,23.8,32.8,17.5,,8.0,3.0,,1008.0,
1687,2022-08-15,28.9,25.5,34.0,11.9,,54.0,4.0,,1006.5,
1688,2022-08-16,28.4,25.5,32.0,12.6,,151.0,5.9,,1006.1,
1689,2022-08-17,27.1,25.6,31.8,1.3,,152.0,5.1,,1006.8,
1690,2022-08-18,26.3,23.2,31.1,9.1,,109.0,3.3,,1006.4,
1691,2022-08-19,27.8,24.8,33.2,40.9,,348.0,4.7,,1005.5,
1692,2022-08-20,25.8,23.5,29.6,29.5,,166.0,4.3,,1003.9,
1693,2022-08-21,26.2,24.0,28.5,9.1,,149.0,7.0,,1004.2,
1694,2022-08-22,29.1,25.5,32.6,0.3,,153.0,5.5,,1006.5,
1695,2022-08-23,30.2,25.5,34.8,7.1,,81.0,3.9,,1007.0,
1696,2022-08-24,27.5,23.4,31.7,62.5,,38.0,3.6,,1005.7,
1697,2022-08-25,27.1,25.5,29.5,15.7,,154.0,5.3,,1004.0,
1698,2022-08-26,25.8,24.6,30.0,19.8,,168.0,8.7,,1006.5,
1699,2022-08-27,27.9,24.4,32.4,0.8,,146.0,3.8,,1009.1,
1700,2022-08-28,29.9,24.5,34.6,0.0,,15.0,3.1,,1008.0,
1701,2022-08-29,31.3,25.2,35.7,0.1,,108.0,4.5,,1008.4,
1702,2022-08-30,30.4,26.5,34.9,3.8,,122.0,3.8,,1009.0,
1703,2022-08-31,28.5,23.9,33.9,6.6,,91.0,4.5,,1007.9,
1704,2022-09-01,27.3,25.1,32.0,6.4,,47.0,3.4,,1008.2,
1705,2022-09-02,29.2,25.2,33.0,0.8,,17.0,2.7,,1008.2,
1706,2022-09-03,29.1,25.7,32.6,0.0,,42.0,3.3,,1006.9,
1707,2022-09-04,29.4,23.8,34.0,50.3,,62.0,3.8,,1007.4,
1708,2022-09-05,28.2,23.7,32.5,45.2,,86.0,4.5,,1008.2,
1709,2022-09-06,29.0,23.1,33.6,1.0,,73.0,3.5,,1008.2,
1710,2022-09-07,27.2,23.9,31.0,0.3,,73.0,3.0,,1009.2,
1711,2022-09-08,27.6,24.0,31.4,2.0,,54.0,3.3,,1009.7,
1712,2022-09-09,27.9,25.5,30.9,0.3,,102.0,5.5,,1010.6,
1713,2022-09-10,28.9,25.6,32.6,0.3,,76.0,3.9,,1010.8,
1714,2022-09-11,28.9,23.8,33.5,29.0,,65.0,3.4,,1009.8,
1715,2022-09-12,28.6,23.9,33.5,5.6,,299.0,3.5,,1008.9,
1716,2022-09-13,29.1,23.4,33.4,3.8,,93.0,3.3,,1009.4,
1717,2022-09-14,28.2,25.7,33.3,0.0,,175.0,3.4,,1009.7,
1718,2022-09-15,28.3,24.2,33.4,0.5,,108.0,4.0,,1008.5,
1719,2022-09-16,26.9,24.9,33.2,5.1,,141.0,4.4,,1006.5,
1720,2022-09-17,27.1,25.0,30.3,25.4,,109.0,4.2,,1007.3,
1721,2022-09-18,27.8,24.9,32.6,9.7,,117.0,4.2,,1008.1,
1722,2022-09-19,29.5,24.9,34.7,0.0,,273.0,3.3,,1007.9,
1723,2022-09-20,28.8,24.6,33.7,0.0,,356.0,2.6,,1007.1,
1724,2022-09-21,27.4,22.8,33.9,0.5,,31.0,3.3,,1007.5,
1725,2022-09-22,27.3,24.4,33.0,8.9,,53.0,2.9,,1007.7,
1726,2022-09-23,25.5,22.8,29.1,8.4,,41.0,2.4,,1008.5,
1727,2022-09-24,25.6,24.0,30.4,6.4,,80.0,3.9,,1008.0,
1728,2022-09-25,25.9,24.4,30.5,38.6,,89.0,4.7,,1008.9,
1729,2022-09-26,28.2,23.7,33.5,27.2,,5.0,2.8,,1008.8,
1730,2022-09-27,27.7,24.0,31.1,1.8,,347.0,4.6,,1006.2,
1731,2022-09-28,25.7,24.1,28.9,17.3,,321.0,9.0,,999.8,
1732,2022-09-29,27.3,24.5,31.5,11.9,,69.0,6.9,,1002.2,
1733,2022-09-30,26.0,24.5,30.3,13.5,,119.0,9.4,,1007.0,
1734,2022-10-01,26.8,24.1,29.4,5.1,,99.0,5.2,,1008.8,
1735,2022-10-02,26.6,24.7,31.0,15.2,,66.0,3.0,,1009.5,
1736,2022-10-03,27.2,24.0,32.0,0.0,,60.0,5.7,,1010.0,
1737,2022-10-04,26.6,22.6,33.3,10.1,,49.0,4.3,,1011.7,
1738,2022-10-05,27.1,23.0,33.0,0.8,,53.0,3.9,,1011.8,
1739,2022-10-06,27.1,23.7,32.3,6.6,,47.0,3.7,,1011.8,
1740,2022-10-07,27.6,23.0,32.0,3.3,,42.0,3.1,,1011.8,
1741,2022-10-08,28.1,22.9,33.5,0.0,,58.0,4.1,,1012.0,
1742,2022-10-09,28.6,23.8,33.4,0.0,,50.0,4.9,,1012.8,
1743,2022-10-10,24.1,20.3,28.5,2.5,,357.0,6.2,,1015.4,
1744,2022-10-11,25.1,19.9,31.0,0.0,,24.0,5.8,,1014.4,
1745,2022-10-12,25.6,19.3,31.0,0.0,,30.0,5.4,,1013.4,
1746,2022-10-13,25.6,19.8,31.8,0.0,,29.0,5.2,,1012.0,
1747,2022-10-14,24.9,18.9,30.2,0.5,,3.0,5.5,,1010.2,
1748,2022-10-15,23.1,20.1,25.0,2.8,,327.0,7.8,,1009.1,
1749,2022-10-16,22.1,18.5,30.1,0.3,,343.0,3.6,,1012.0,
1750,2022-10-17,23.2,17.5,31.7,0.0,,23.0,3.5,,1012.2,
1751,2022-10-18,25.7,17.2,31.8,0.0,,38.0,5.0,,1011.8,
1752,2022-10-19,24.8,18.3,30.5,0.0,,16.0,6.5,,1012.1,
1753,2022-10-20,22.4,17.8,28.0,0.0,,24.0,3.6,,1013.3,
1754,2022-10-21,26.6,19.7,31.7,0.3,,20.0,3.7,,1013.8,
1755,2022-10-22,25.7,22.4,29.9,7.1,,18.0,3.7,,1014.6,
1756,2022-10-23,27.4,19.6,34.0,0.0,,52.0,5.0,,1013.5,
1757,2022-10-24,27.8,20.5,33.7,0.0,,45.0,4.6,,1012.2,
1758,2022-10-25,26.1,23.5,30.3,0.8,,8.0,4.2,,1012.5,
1759,2022-10-26,27.6,22.8,32.5,0.1,,62.0,7.0,,1012.3,
1760,2022-10-27,26.0,21.6,31.6,0.1,,64.0,7.4,,1012.1,
1761,2022-10-28,25.8,20.6,32.0,0.0,,57.0,8.6,,1012.0,
1762,2022-10-29,25.8,20.4,29.9,0.0,,44.0,8.9,,1012.1,
1763,2022-10-30,25.3,20.3,30.6,0.0,,29.0,4.8,,1011.4,
1764,2022-10-31,23.9,18.6,31.0,0.0,,27.0,5.6,,1011.8,
1765,2022-11-01,24.2,17.8,31.6,0.0,,46.0,4.8,,1012.5,
1766,2022-11-02,23.8,17.0,31.4,0.0,,63.0,4.6,,1011.8,
1767,2022-11-03,24.1,16.0,31.5,0.0,,92.0,6.0,,1012.6,
1768,2022-11-04,25.4,17.0,32.0,0.0,,57.0,6.8,,1014.6,
1769,2022-11-05,25.4,19.4,31.5,0.3,,55.0,4.9,,1015.8,
1770,2022-11-06,24.8,17.9,31.4,0.0,,61.0,4.5,,1015.5,
1771,2022-11-07,24.5,18.1,31.5,0.0,,83.0,5.1,,1014.6,
1772,2022-11-08,25.2,17.2,32.0,0.0,,72.0,6.8,,1014.4,
1773,2022-11-09,25.6,19.0,32.0,0.0,,50.0,4.9,,1014.1,
1774,2022-11-10,27.1,19.2,34.0,0.0,,39.0,4.9,,1013.2,
1775,2022-11-11,27.7,21.4,34.0,0.0,,71.0,6.6,,1012.8,
1776,2022-11-12,26.8,20.1,33.3,0.0,,82.0,7.1,,1012.0,
1777,2022-11-13,26.7,21.0,31.4,0.0,,74.0,6.9,,1012.0,
1778,2022-11-14,27.9,22.8,33.5,0.0,,70.0,6.8,,1012.2,
1779,2022-11-15,28.4,22.5,34.5,0.1,,80.0,7.3,,1011.5,
1780,2022-11-16,28.4,22.0,34.0,0.0,,75.0,5.7,,1010.3,
1781,2022-11-17,28.9,22.6,34.0,0.0,,72.0,5.5,,1010.0,
1782,2022-11-18,29.2,24.1,34.7,0.0,,59.0,6.0,,1010.8,
1783,2022-11-19,27.6,23.0,33.6,0.0,,58.0,6.3,,1011.0,
1784,2022-11-20,27.3,23.8,32.0,0.2,,33.0,5.6,,1009.9,
1785,2022-11-21,26.7,22.0,33.5,0.0,,22.0,4.2,,1008.6,
1786,2022-11-22,27.1,21.9,32.0,8.9,,39.0,3.2,,1008.4,
1787,2022-11-23,28.2,23.3,33.5,0.6,,65.0,5.3,,1009.1,
1788,2022-11-24,26.4,23.5,30.2,1.8,,64.0,3.8,,1011.0,
1789,2022-11-25,28.8,23.1,34.2,1.0,,72.0,4.1,,1011.9,
1790,2022-11-26,27.4,23.1,32.7,0.5,,65.0,4.1,,1011.5,
1791,2022-11-27,26.3,23.0,33.0,27.4,,350.0,3.2,,1010.0,
1792,2022-11-28,27.9,23.3,33.3,26.9,,20.0,2.1,,1010.2,
1793,2022-11-29,28.7,23.7,34.0,0.0,,76.0,3.2,,1010.5,
1794,2022-11-30,28.9,24.0,35.1,0.1,,72.0,4.6,,1011.3,
1795,2022-12-01,27.0,20.6,32.9,0.0,,73.0,9.8,,1012.9,
1796,2022-12-02,23.7,19.2,29.4,0.0,,37.0,7.0,,1013.6,
1797,2022-12-03,24.3,18.3,30.9,0.0,,73.0,5.6,,1012.9,
1798,2022-12-04,25.5,19.9,32.2,0.0,,67.0,7.6,,1013.4,
1799,2022-12-05,24.2,19.7,30.5,0.0,,32.0,6.8,,1014.7,
1800,2022-12-06,23.5,17.8,29.4,0.0,,57.0,7.9,,1014.4,
1801,2022-12-07,23.8,17.5,30.7,0.0,,55.0,6.4,,1013.8,
1802,2022-12-08,24.5,18.4,31.2,0.0,,51.0,6.1,,1013.5,
1803,2022-12-09,24.7,18.8,31.8,0.0,,66.0,6.2,,1012.8,
1804,2022-12-10,24.7,18.9,31.1,0.0,,79.0,6.3,,1012.6,
1805,2022-12-11,23.6,18.3,28.5,0.0,,62.0,7.6,,1013.7,
1806,2022-12-12,21.1,16.2,26.5,0.0,,70.0,10.0,,1015.7,
1807,2022-12-13,20.3,13.7,27.1,0.0,,58.0,8.8,,1016.7,
1808,2022-12-14,19.7,13.5,26.0,0.0,,49.0,9.0,,1017.5,
1809,2022-12-15,21.0,12.1,27.4,0.0,,90.0,5.5,,1014.5,
1810,2022-12-16,24.8,14.8,31.5,0.0,,82.0,5.6,,1012.9,
1811,2022-12-17,21.2,16.3,26.4,0.0,,37.0,8.8,,1017.3,
1812,2022-12-18,16.8,12.8,22.2,0.0,,50.0,9.8,,1019.7,
1813,2022-12-19,18.5,11.1,24.5,0.0,,43.0,6.4,,1016.7,
1814,2022-12-20,21.7,12.4,28.2,0.0,,48.0,4.9,,1013.8,
1815,2022-12-21,20.7,14.8,27.6,0.0,,51.0,7.3,,1013.9,
1816,2022-12-22,21.2,13.6,28.5,0.0,,86.0,6.3,,1013.3,
1817,2022-12-23,21.6,14.5,28.2,0.0,,102.0,7.1,,1014.2,
1818,2022-12-24,20.9,15.6,27.6,0.0,,54.0,9.7,,1016.5,
1819,2022-12-25,21.2,14.0,27.9,0.0,,54.0,8.1,,1017.6,
1820,2022-12-26,21.9,14.9,28.0,0.0,,72.0,8.1,,1017.9,
1821,2022-12-27,22.8,15.4,29.0,0.0,,82.0,7.9,,1017.2,
1822,2022-12-28,23.5,17.6,29.8,0.0,,73.0,8.2,,1017.2,
1823,2022-12-29,20.9,16.5,27.7,0.0,,60.0,7.8,,1019.2,
1824,2022-12-30,19.6,14.9,26.5,0.0,,58.0,7.6,,1020.7,
1825,2022-12-31,19.7,12.5,26.5,0.0,,61.0,6.8,,1020.2,
1826,2023-01-01,20.8,14.1,26.9,0.0,,57.0,5.9,,1019.2,
1827,2023-01-02,22.1,16.8,27.3,0.0,,67.0,5.5,,1019.1,
1828,2023-01-03,21.5,17.6,27.5,0.0,,50.0,6.8,,1018.9,
1829,2023-01-04,21.4,15.0,29.9,0.0,,49.0,5.9,,1017.8,
1830,2023-01-05,23.3,14.9,29.6,0.0,,45.0,7.3,,1018.0,
1831,2023-01-06,21.4,17.2,25.7,0.0,,42.0,10.3,,1018.9,
1832,2023-01-07,21.5,15.6,26.9,0.0,,51.0,6.9,,1017.1,
1833,2023-01-08,23.0,17.2,29.1,0.0,,74.0,4.9,,1015.7,
1834,2023-01-09,24.2,18.5,30.5,0.0,,110.0,4.2,,1015.6,
1835,2023-01-10,23.1,19.5,27.6,0.0,,74.0,3.5,,1014.7,
1836,2023-01-11,20.9,19.8,22.1,16.0,,358.0,4.7,,1013.6,
1837,2023-01-12,21.5,19.0,24.5,12.3,,92.0,4.1,,1012.2,
1838,2023-01-13,23.4,19.1,30.0,0.0,,322.0,5.5,,1011.9,
1839,2023-01-14,24.6,18.3,32.0,0.0,,30.0,5.8,,1009.7,
1840,2023-01-15,25.7,18.4,32.9,0.0,,49.0,7.4,,1009.8,
1841,2023-01-16,21.9,14.6,27.7,0.0,,81.0,13.6,,1014.9,
1842,2023-01-17,21.2,15.4,27.3,0.0,,78.0,12.7,,1017.4,
1843,2023-01-18,19.4,13.3,26.5,0.0,,77.0,12.3,,1019.1,
1844,2023-01-19,19.7,12.1,27.4,0.0,,71.0,11.4,,1018.0,
1845,2023-01-20,20.7,13.2,27.0,0.0,,70.0,11.1,,1017.6,
1846,2023-01-21,21.7,16.0,28.5,0.0,,74.0,8.9,,1015.2,
1847,2023-01-22,21.5,13.7,31.4,0.0,,45.0,5.8,,1012.8,
1848,2023-01-23,24.9,15.3,32.5,0.0,,86.0,9.5,,1012.2,
1849,2023-01-24,20.1,14.3,25.2,0.0,,63.0,18.3,,1017.7,
1850,2023-01-25,18.8,13.0,25.0,0.0,,68.0,10.5,,1017.2,
1851,2023-01-26,21.3,12.0,29.0,0.0,,62.0,6.8,,1014.1,
1852,2023-01-27,19.9,14.8,26.5,0.0,,65.0,15.5,,1016.7,
1853,2023-01-28,17.7,12.0,23.7,0.0,,58.0,14.7,,1018.4,
1854,2023-01-29,16.7,9.6,24.0,0.0,,56.0,11.3,,1019.6,
1855,2023-01-30,18.1,8.4,26.5,0.0,,64.0,8.7,,1018.2,
1856,2023-01-31,19.6,10.1,28.3,0.0,,355.0,5.0,,1013.8,
